{"batch_size": 0.005689869649790766, "learning_rate": 0.0065825905582196104, "max_dropout": 0.006443259183708362, "max_units": 0.012023648659158517, "momentum": 0.004890665178653712, "num_layers": 0.4150512612959242, "weight_decay": 0.18436924427380558}