{"batch_size": 0.08787174500625848, "learning_rate": 0.09704981488103104, "max_dropout": 0.03702086106083123, "max_units": 0.008869788705313809, "momentum": 0.026412620754736146, "num_layers": 0.22232993841804455, "weight_decay": 0.01156716256421252}