{"batch_size": 0.017918599090845207, "learning_rate": 0.12815485297960721, "max_dropout": 0.0389442050353247, "max_units": 0.05326151660357868, "momentum": 0.019943463091048406, "num_layers": 0.19402417180097334, "weight_decay": 0.026859589704504618}