{"batch_size": 0.02590814966749182, "learning_rate": 0.013717639146266655, "max_dropout": 0.021876157568780405, "max_units": 0.01324553868534995, "momentum": 0.020070428909111853, "num_layers": 0.04810278177918846, "weight_decay": 0.22694499268838506}