{"batch_size": 0.015194499442265497, "learning_rate": 0.010766073119523791, "max_dropout": 0.01037416801053751, "max_units": 0.007293334765269898, "momentum": 0.011216715755416797, "num_layers": 0.25146804433260794, "weight_decay": 0.22573537883592143}