{"batch_size": 0.03992056595313355, "learning_rate": 0.03326513939370242, "max_dropout": 0.03703227985409442, "max_units": 0.018244801991524257, "momentum": 0.032553087282433224, "num_layers": 0.021624150285510645, "weight_decay": 0.0670885560312281}