{"batch_size": 0.021555831274875564, "learning_rate": 0.031252207356604715, "max_dropout": 0.01194911446769783, "max_units": 0.0015545110012225175, "momentum": 0.009570081093971613, "num_layers": 0.5777354485433728, "weight_decay": 0.04692864425594347}