{"batch_size": 0.039068810638049054, "learning_rate": 0.015934484589763084, "max_dropout": 0.05025837215608764, "max_units": 0.024774189092456052, "momentum": 0.011920540183070627, "num_layers": 0.09780237149101714, "weight_decay": 0.12732745430670073}