{"batch_size": 0.05816543876707531, "learning_rate": 0.019765569181994187, "max_dropout": 0.02827989971857694, "max_units": 0.019112046983321675, "momentum": 0.05312152863694314, "num_layers": 0.14123488513274898, "weight_decay": 0.0373329942365252}