{"batch_size": 0.021674778469500916, "learning_rate": 0.11625716541242517, "max_dropout": 0.012654751651144805, "max_units": 0.04958306665799079, "momentum": 0.012518297476648288, "num_layers": 0.4258885276274275, "weight_decay": 0.028282255864361137}