{"batch_size": 0.04422594971600747, "learning_rate": 0.07142088350623788, "max_dropout": 0.024025266684116246, "max_units": 0.009897201763428402, "momentum": 0.025041401452751043, "num_layers": 0.37849736375934284, "weight_decay": 0.026728945019264504}