{"batch_size": 0.08430749513143036, "learning_rate": 0.2533489582400549, "max_dropout": 0.021927755298092506, "max_units": 0.045225623613550495, "momentum": 0.05255035580957003, "num_layers": 0.025195932893287573, "weight_decay": 0.002766075638965944}