{"batch_size": 0.0326715470885031, "learning_rate": 0.08928476801455522, "max_dropout": 0.12079111249932421, "max_units": 0.017195467851061814, "momentum": 0.050766761025276205, "num_layers": 0.02756406416741937, "weight_decay": 0.05181980034617921}