{"batch_size": 0.06818563393850018, "learning_rate": 0.006418025674910231, "max_dropout": 0.021696854523398965, "max_units": 0.013410855172973468, "momentum": 0.010334906616743402, "num_layers": 0.09596850745770322, "weight_decay": 0.25303959381894553}