{"batch_size": 0.020015814682516925, "learning_rate": 0.08125251065957345, "max_dropout": 0.008123805119095915, "max_units": 0.001558493301339043, "momentum": 0.01375804503257101, "num_layers": 0.5571982718068109, "weight_decay": 0.020968354616737888}