{"batch_size": 0.07321703658269585, "learning_rate": 0.05857103744365373, "max_dropout": 0.02936916455073825, "max_units": 0.010619121915951388, "momentum": 0.0441969523039301, "num_layers": 0.021296216040314855, "weight_decay": 0.0524735187132862}