{"batch_size": 0.023763885288289315, "learning_rate": 0.00883689005518323, "max_dropout": 0.034401330653767895, "max_units": 0.0032145842915139384, "momentum": 0.006127764800048621, "num_layers": 0.30132862247963355, "weight_decay": 0.11658934028065471}