{"batch_size": 0.03725510508361625, "learning_rate": 0.06729292089990321, "max_dropout": 0.03477909561924043, "max_units": 0.003557266407331131, "momentum": 0.07022040763573942, "num_layers": 0.02157784681634317, "weight_decay": 0.015390289073336554}