{"batch_size": 0.003956507848463219, "learning_rate": 0.011358980418579027, "max_dropout": 0.0027368149937872293, "max_units": 0.002938186890191266, "momentum": 0.0018374855328910696, "num_layers": 0.30570119081683006, "weight_decay": 0.3588766969088084}