{"batch_size": 0.020853574206544254, "learning_rate": 0.06944078603285125, "max_dropout": 0.16236910973394178, "max_units": 0.02279059581624384, "momentum": 0.07393303938950302, "num_layers": 0.015191894735910889, "weight_decay": 0.011746978468136451}