{"batch_size": 0.03617026468626729, "learning_rate": 0.014969344210730647, "max_dropout": 0.046528122400818404, "max_units": 0.002601524408818492, "momentum": 0.028875308075017446, "num_layers": 0.13774051462079312, "weight_decay": 0.1102875470656001}