{"batch_size": 0.07097304518114345, "learning_rate": 0.03670346657701393, "max_dropout": 0.030013344266259734, "max_units": 0.019479216859018867, "momentum": 0.04751670886254905, "num_layers": 0.04513845509020782, "weight_decay": 0.04432102064350894}