{"batch_size": 0.06667917633964043, "learning_rate": 0.17796906681228786, "max_dropout": 0.020655525771821254, "max_units": 0.08426813624650388, "momentum": 0.04914247028572294, "num_layers": 0.08814170978461494, "weight_decay": 0.01103978234687802}