{"batch_size": 0.056201374682787825, "learning_rate": 0.04130326649004193, "max_dropout": 0.011004837020462673, "max_units": 0.011090639733057643, "momentum": 0.03707284631985358, "num_layers": 0.07330982848255377, "weight_decay": 0.05260273118584957}