{"batch_size": 0.012890272848390017, "learning_rate": 0.027764081056993496, "max_dropout": 0.05309795349497537, "max_units": 0.026139084828005275, "momentum": 0.008594290815675636, "num_layers": 0.07462556229540389, "weight_decay": 0.18860052175222516}