{"batch_size": 0.024292212566443885, "learning_rate": 0.10216094980537067, "max_dropout": 0.013184592384318178, "max_units": 0.03488762317521364, "momentum": 0.015537423076696281, "num_layers": 0.3839309837748828, "weight_decay": 0.0340191065043228}