{"batch_size": 0.06373728825855164, "learning_rate": 0.06895339490069591, "max_dropout": 0.034600481507336085, "max_units": 0.012986806415988674, "momentum": 0.052852727833549724, "num_layers": 0.05656689268132046, "weight_decay": 0.03583103484108796}