{"batch_size": 0.0693013494909831, "learning_rate": 0.012948771380585745, "max_dropout": 0.016191606367877823, "max_units": 0.03419796702958773, "momentum": 0.02444314540756847, "num_layers": 0.28658580140187995, "weight_decay": 0.0203455827829345}