{"batch_size": 0.06073572291639097, "learning_rate": 0.13898361408836846, "max_dropout": 0.02781084238101924, "max_units": 0.012722589534066379, "momentum": 0.06300363933993314, "num_layers": 0.07353786603804995, "weight_decay": 0.010807058335652805}