{"batch_size": 0.17309735981476482, "learning_rate": 0.026287819697607875, "max_dropout": 0.0029703474749921506, "max_units": 0.0033099354492175065, "momentum": 0.010599121789593737, "num_layers": 0.33761100547251466, "weight_decay": 0.047102482858075514}