{"batch_size": 0.009158324837129249, "learning_rate": 0.013932165921110918, "max_dropout": 0.009448059230935897, "max_units": 0.028225062965822452, "momentum": 0.011789112802492884, "num_layers": 0.21937729841303327, "weight_decay": 0.14908726066573777}