{"batch_size": 0.0409479201657492, "learning_rate": 0.12173365065014768, "max_dropout": 0.02367477039055159, "max_units": 0.04198175196437463, "momentum": 0.03130617156726814, "num_layers": 0.17716299596586266, "weight_decay": 0.0220182966957981}