{"batch_size": 0.00924584964980296, "learning_rate": 0.003443479584058969, "max_dropout": 0.00373330708700462, "max_units": 0.010080171687009809, "momentum": 0.004719137659911181, "num_layers": 0.3052618169882147, "weight_decay": 0.3253931307785711}