{"batch_size": 0.048382409353043505, "learning_rate": 0.20562591451991005, "max_dropout": 0.0779977576557902, "max_units": 0.04520647462438877, "momentum": 0.023330678464033555, "num_layers": 0.036944913046960765, "weight_decay": 0.008286112140917685}