{"hpo_budget": 100, "num_runs": 1000, "bo": false, "full_res": [0.28538089990615845, 0.38229015800356864, 0.44911971166729925, 0.48957985824346545, 0.5140223268270493, 0.5355501585006713, 0.54974764290452, 0.5603346843719482, 0.5697703500390052, 0.5767005632519722, 0.5832535888850688, 0.5879951721131802, 0.5911837326288223, 0.5950914660692215, 0.5981300432384015, 0.5999448619186878, 0.6017128825187683, 0.6030145069956779, 0.6045793610215187, 0.6061761419773102, 0.6071731568574905, 0.6084000297486782, 0.6094963642060757, 0.6103746255338192, 0.611051214337349, 0.6122838881015777, 0.6128688945770263, 0.6139528076350689, 0.614338397294283, 0.6147682308852672, 0.6153777151703834, 0.6157456400096416, 0.6161885397434235, 0.6166235609054566, 0.6173070478737355, 0.6176533858776092, 0.6179532051980495, 0.6182191716432571, 0.6186374304294586, 0.6189448693990708, 0.6193133939802646, 0.6195951652824878, 0.6198682909607888, 0.620050956428051, 0.6203359857201576, 0.6205856817960739, 0.6208581311404705, 0.6210352213084698, 0.6212299382686615, 0.6214325121939183, 0.6216044950783253, 0.6219130316972733, 0.6221151598393917, 0.6222554432749748, 0.6224897416234016, 0.6226914246976376, 0.6229335316717625, 0.6231480586528778, 0.6233460605144501, 0.6235177580714226, 0.623718731045723, 0.6239059583842754, 0.6241342656612396, 0.6243764550387859, 0.6246003042459488, 0.6248590414524078, 0.6250695772469044, 0.6252149613499641, 0.6253753410875798, 0.6255564087331295, 0.6256807367503643, 0.6257501092255116, 0.6259417753815651, 0.6261907307803631, 0.6265037158727645, 0.6265914495587349, 0.6266764100193978, 0.6267468354403972, 0.6269814426004887, 0.6271591200530529, 0.6272612192034721, 0.627432918637991, 0.6276504927277565, 0.6278308946192265, 0.6280015195906162, 0.6282875426113605, 0.6284340861439704, 0.6285467654764653, 0.6287240598499775, 0.6288767938017845, 0.6290413620173931, 0.6292169437706471, 0.6292890842854977, 0.6295481648147107, 0.6296328461766243, 0.629758663058281, 0.629881703644991, 0.6299843962490559, 0.6300631114542484, 0.6302820430099965], "full_std": [0.0, 0.0038836379116304453, 0.004015323613648242, 0.0037121271154332085, 0.003370350337557945, 0.002943230307181541, 0.0026487779628249566, 0.002380322976553754, 0.002048290383853298, 0.0018751216485758237, 0.0016402474207392551, 0.0014238473491261178, 0.001342605141508496, 0.0011661800548856288, 0.001023116208608265, 0.0009356619589451216, 0.0008908475735549413, 0.0008457974539338399, 0.0007955841212257454, 0.0007621165591296938, 0.0007373811671045075, 0.0007133846945690143, 0.0006873168982162242, 0.0006423234385207957, 0.0006150278327889862, 0.0005789351284971364, 0.0005613328719289112, 0.000545993678351752, 0.0005416999463206937, 0.0005316894070601753, 0.0005280869358960797, 0.0005227077366586677, 0.0005242418658820629, 0.0005214408704424968, 0.0005054525337282244, 0.0005001453083841974, 0.0004951916227361749, 0.0004864935060213227, 0.00048669870568989967, 0.0004812651255506072, 0.00048303092038816137, 0.0004770527448732893, 0.0004730452389287106, 0.00047065273089344614, 0.0004682256221079425, 0.0004724121162056449, 0.00046886557541163246, 0.00046655296896884165, 0.0004653808024765762, 0.0004633907372099434, 0.00045778579577387344, 0.00045738331596558937, 0.00045720510706882334, 0.00045964302696792705, 0.00045961519321401274, 0.0004564943979983084, 0.0004547104261662833, 0.0004526903762152109, 0.00045017254418516805, 0.00045016501961303823, 0.0004485590310408395, 0.00044769116024727097, 0.00044567723172739564, 0.00044491198510232115, 0.0004435218971825593, 0.0004399673158022186, 0.00043924924469620466, 0.00044132932460706634, 0.0004397337146501505, 0.00044192946863873413, 0.0004411057393322828, 0.0004404542690783555, 0.0004442364544099673, 0.0004451493535185253, 0.0004434231258074154, 0.0004428163529424758, 0.0004432356575371278, 0.0004428771343701056, 0.0004430469241587682, 0.0004402211533802892, 0.0004387245895252132, 0.00043850468706017144, 0.00043811845905930964, 0.00044272743059284027, 0.00044178947830552105, 0.0004478936998171482, 0.00044534732294068555, 0.000445765845098964, 0.00044631474152451297, 0.0004463683944822787, 0.00044938350077716087, 0.00044865557481486753, 0.0004482530752854438, 0.00044763869775343726, 0.00044848605645620993, 0.00044880199783367634, 0.0004477571329691959, 0.0004466095948502674, 0.0004446880750611951, 0.00044558460024314404], "hpi_res": [0.28538089990615845, 0.39610756412148473, 0.46815755727887154, 0.5099721195995808, 0.5375677140951156, 0.557934115767479, 0.5702397612035275, 0.5776980237066746, 0.5839305380284786, 0.5886470274925232, 0.5916128251254559, 0.5942067134976386, 0.5966617555618287, 0.5986557180285453, 0.6001728734672069, 0.6017915414869786, 0.6032529757916927, 0.604614947348833, 0.6057645509243011, 0.6068254403173924, 0.6080410294532775, 0.6088855945169925, 0.609433060079813, 0.6100028597712517, 0.6105746361613273, 0.6112007286846638, 0.6117384780645371, 0.6122515411973, 0.6127333781719208, 0.6133960279226303, 0.6139216699004173, 0.6142155459225178, 0.6146985187828541, 0.6149427770674228, 0.6151537131071091, 0.6153257145881653, 0.6156036328971386, 0.6159172370433807, 0.6160775209069252, 0.6162762680947781, 0.6165569742619992, 0.6168327187597752, 0.6170410761535168, 0.617228071808815, 0.6174472535550595, 0.6176139278411865, 0.6177462533414364, 0.617869597107172, 0.618059993982315, 0.6181649736464023, 0.6182533814013005, 0.6183870422244072, 0.6184939589202404, 0.618555703908205, 0.6186221004128456, 0.6187079553604126, 0.6187571004927158, 0.6188666818737983, 0.6189226851463318, 0.6189436771273613, 0.6190619629919529, 0.619212915122509, 0.6192706452906132, 0.6193766590058803, 0.6194405323863029, 0.6195008768439293, 0.6195766067206859, 0.6196232316493988, 0.6196922136247158, 0.6197667492926121, 0.6198356872498989, 0.619848573744297, 0.6199023420512676, 0.6199395873844623, 0.6199603426158429, 0.6200117755532265, 0.6200378955006599, 0.6200915166437626, 0.620148392945528, 0.6202557380199433, 0.6203296480476856, 0.6203591655492783, 0.6204115637242794, 0.6204578372240066, 0.6205287631154061, 0.6205961201488972, 0.6206444055438042, 0.6206853716671467, 0.6207110805809498, 0.6207697159945965, 0.6208278774023056, 0.6208648349940776, 0.6208893856406212, 0.6209427981674671, 0.6209705709815025, 0.6210399317443371, 0.6210690319240093, 0.6211117047071457, 0.6211596581339837, 0.6212389626204967],