{"hpo_budget": 100, "num_runs": 30, "bo": true,
  "full_res": [0.25474228461583454, 0.30169607599576315, 0.3174639642238617, 0.32223760286966957, 0.33011512955029804, 0.3323658267656962, 0.33764074047406517, 0.3397724171479543, 0.3422798891862234, 0.3425898094971975, 0.3428066372871399, 0.34291107058525083, 0.34339748819669086, 0.34405627051989235, 0.34405627051989235, 0.34405627051989235, 0.34405627051989235, 0.34405627051989235, 0.3451424062252045, 0.34520392417907714, 0.3453287740548452, 0.3455354889233907, 0.3464156667391459, 0.346712197860082, 0.346712197860082, 0.346712197860082, 0.3481322725613912, 0.3484505812327067, 0.35092445015907286, 0.3511260072390238, 0.3511260072390238, 0.3511260072390238, 0.351252148548762, 0.35366141398747764, 0.3545693775018056, 0.35457549095153806, 0.3551613787810008, 0.35657358964284264, 0.3568938195705414, 0.35691686073939005, 0.35691686073939005, 0.3569661855697632, 0.35892648696899415, 0.3592353641986847, 0.36038540601730346, 0.36055750846862794, 0.36208191911379495, 0.36208191911379495, 0.36210527817408245, 0.3621278047561646, 0.36241222620010377, 0.36274195909500123, 0.36274195909500123, 0.3633540451526642, 0.36357664068539935, 0.3637019773324331, 0.3637019773324331, 0.3637347757816315, 0.3643186012903849, 0.3648424188296, 0.3649437725543976, 0.36512415011723837, 0.36512415011723837, 0.36539411544799805, 0.36557753483454386, 0.36557753483454386, 0.3657576342423757, 0.3657576342423757, 0.3658637543519338, 0.366085555156072, 0.36609926422437034, 0.36611051162083946, 0.36611051162083946, 0.3663720190525055, 0.3668658753236135, 0.36792084376017253, 0.3682936131954193, 0.36841285824775694, 0.36841285824775694, 0.3684659282366435, 0.36898632446924845, 0.36898632446924845, 0.3691501597563426, 0.36918898224830626, 0.36918898224830626, 0.3692727526028951, 0.3692842960357666, 0.36932348807652793, 0.36963346004486086, 0.36981510718663535, 0.36998271743456523, 0.3700179060300191, 0.37032333612442014, 0.3705670416355133, 0.37065382997194923, 0.3708009799321493, 0.3708145280679067, 0.3712263464927673, 0.3713259994983673, 0.37134748299916587],
  "full_std": [0.01548685339539385, 0.007368471574113521, 0.003671237329455121, 0.002729853810935894, 0.0024946332845132628, 0.0023789081832295725, 0.002316045654407199, 0.002110208216652301, 0.0020532185195186615, 0.0020462937610938262, 0.00201801440564073, 0.0020232899875205447, 0.0019795992888167998, 0.0019058480969659489, 0.0019058480969659489, 0.0019058480969659489, 0.0019058480969659489, 0.0019058480969659489, 0.0018091116841440428, 0.0018107650050160822, 0.0017864648983991762, 0.0018027051396385658, 0.0017200680020717138, 0.0015945464724357239, 0.0015945464724357239, 0.0015945464724357239, 0.0016224469320906317, 0.0016348184539355499, 0.0015638474459166464, 0.001484339997153573, 0.001484339997153573, 0.001484339997153573, 0.001484106044068538, 0.001825126779765237, 0.001936675030499644, 0.0019376168878195892, 0.0019859301683484813, 0.00216156348491822, 0.0021395122231155335, 0.0021396899913001042, 0.0021396899913001042, 0.0021373436855605895, 0.0022457852801317205, 0.002239191629960081, 0.0021518022032451793, 0.002142823197998318, 0.0022118174205928622, 0.0022118174205928622, 0.002210297814713554, 0.002206922029843867, 0.0021351416697423615, 0.002181936302998886, 0.002181936302998886, 0.0021663649084897344, 0.0021656597789930063, 0.0021892240640142627, 0.0021892240640142627, 0.0021945694854029847, 0.002289905329862527, 0.002422817520706482, 0.00240530481330113, 0.0023702826820964757, 0.0023702826820964757, 0.0024494749830297805, 0.002435380593028312, 0.002435380593028312, 0.00241933565691619, 0.00241933565691619, 0.002415851192862901, 0.002433112014163138, 0.0024331374658443728, 0.002434165212942278, 0.002434165212942278, 0.002498763572439082, 0.0024960444579020247, 0.002364869933680601, 0.002348517578128966, 0.0023502116989391887, 0.0023502116989391887, 0.002354639860299868, 0.002367793420020774, 0.002367793420020774, 0.002369173761518014, 0.0023804959195125775, 0.0023804959195125775, 0.002389678320127957, 0.0023863395552692367, 0.0023777033208378854, 0.002414074826852427, 0.002376003663792352, 0.0023775541792889917, 0.002375560652485991, 0.002340240939773236, 0.002318017707535709, 0.0023011240960497162, 0.002318547974086593, 0.002314863235988439, 0.0022707837404189997, 0.002268397028780987, 0.00226872582374584],
  "hpi_res": [0.2414562523365021, 0.3212685783704122, 0.32559813459714254, 0.3288693209489187, 0.33121397097905475, 0.33185093998909, 0.33261811931928, 0.33383877674738566, 0.3338507115840912, 0.3349290390809377, 0.3349290390809377, 0.3362730383872986, 0.3369692881902059, 0.3392780840396881, 0.3397020796934764, 0.34051596919695537, 0.3412496864795685, 0.34205146233240763, 0.3428380707899729, 0.34286032915115355, 0.34286032915115355, 0.34496909578641255, 0.34565821488698323, 0.34724908471107485, 0.34755370020866394, 0.34812523126602174, 0.3487542470296224, 0.34919687708218894, 0.34919687708218894, 0.35056167443593345, 0.3509215235710144, 0.35245930949846904, 0.35359023412068685, 0.353697274128596, 0.3539988180001577, 0.3540993551413218, 0.35504336754481, 0.35512174367904664, 0.3556881308555603, 0.35649326841036477, 0.35671653350194293, 0.35686599810918174, 0.3569895426432292, 0.3574203193187714, 0.3574203193187714, 0.3576454718907674, 0.3579442063967387, 0.35794651905695596, 0.35795777837435405, 0.35795777837435405, 0.3585018694400787, 0.3587251345316569, 0.3587408383687337, 0.3588319222132365, 0.35935800274213153, 0.35970164140065514, 0.3597780426343282, 0.35992372035980225, 0.35992372035980225, 0.359940505027771, 0.36021836996078493, 0.360756782690684, 0.3618576149145762, 0.36198224623998004, 0.36231531302134196, 0.36231531302134196, 0.3624376098314921, 0.3627677023410797, 0.3627677023410797, 0.36282418568929037, 0.3632311522960663, 0.3638026356697083, 0.3639802058537801, 0.3639802058537801, 0.3639802058537801, 0.36412301659584045, 0.36412301659584045, 0.36441144744555154, 0.36466296116511027, 0.3646762748559316, 0.36586543917655945, 0.3659886419773102, 0.36599229971567787, 0.3660942117373149, 0.3660942117373149, 0.3661198894182841, 0.3661198894182841, 0.3661318043867747, 0.3662565290927887, 0.36632977922757465, 0.36632977922757465, 0.3663689136505127, 0.36643402179082235, 0.36677067875862124, 0.3667846937974294, 0.36680290500322976, 0.3669401228427887, 0.3669401228427887, 0.3672056615352631, 0.3672265370686849],