{"hpo_budget": 100, "num_runs": 1000, "bo": false, "full_res": [0.15996748208999634, 0.3376441819220781, 0.455679432913661, 0.5298997054249048, 0.5835851932615042, 0.6162111122459173, 0.6439226841032505, 0.6638080184161663, 0.674681248396635, 0.6837288142889738, 0.6907972247153521, 0.6961647809743882, 0.700702972099185, 0.7043835594505071, 0.7073767931163311, 0.7100422484576702, 0.7124297114014626, 0.7144025664627552, 0.7159106185436249, 0.7177490210384131, 0.7192339420616627, 0.7205167446285486, 0.7219199373722076, 0.7229080710411072, 0.7243694570362568, 0.7258069689273834, 0.7266687933206558, 0.7274918359667063, 0.7286998449862003, 0.7293246692419052, 0.7303186586350202, 0.7312737130969763, 0.7316615916639566, 0.7326356897950173, 0.7334121109396219, 0.7339904739260673, 0.7348702737987042, 0.7355525713860989, 0.7359941338449717, 0.7366435429900885, 0.7374151567816735, 0.7379423673152924, 0.7384454920142889, 0.7390068857967853, 0.7395225847959519, 0.7399495554864407, 0.7403637452274561, 0.7406386299133301, 0.7409317041188479, 0.7412850584536791, 0.7417986322790384, 0.742179232686758, 0.7424878959208727, 0.7428808987140656, 0.7433420375734567, 0.7436339090615511, 0.7441297315657139, 0.7445888706296683, 0.7448797860890627, 0.745181865900755, 0.7453789451569319, 0.7457912503480911, 0.7462373917847872, 0.7464533752799034, 0.7465369776338339, 0.7469902926236391, 0.7473728916347027, 0.7477254473567009, 0.747905845195055, 0.748257207095623, 0.7485863225311041, 0.7488815428465605, 0.7490241652578116, 0.7493023803979159, 0.7496639846563339, 0.749941376939416, 0.7503979099988938, 0.7505854818075895, 0.7508342345654965, 0.7509213756322861, 0.7511829884201289, 0.7515715348869562, 0.7518837960511446, 0.752086097881198, 0.7521990319788456, 0.7523809598088265, 0.7524922700673342, 0.7527296018749475, 0.7529030338674784, 0.7531697058081627, 0.7535515333265066, 0.753827785089612, 0.753865773782134, 0.7540657489150763, 0.7542218966931105, 0.7545340897291899, 0.7546247664242983, 0.7547748481631279, 0.7549487959742546, 0.7550682870000601], "full_std": [0.0, 0.006837367059497012, 0.006955568862530568, 0.0062754269594350355, 0.005292172082754899, 0.0045788364893215, 0.003878317408890547, 0.0031326224655213006, 0.0027713839151662857, 0.002323614773058741, 0.0020175254226168864, 0.001774521300494782, 0.0015779281608393377, 0.0014356848572321915, 0.00132223855176194, 0.0012004544550882775, 0.0011485535248148496, 0.001080120950730219, 0.0010542804236575753, 0.0009797509457031717, 0.0009552393451475716, 0.000932029074392273, 0.0009246599879649941, 0.0009159388233731897, 0.0008924499268926001, 0.0008792618248918069, 0.0008767923916804666, 0.0008590597114182566, 0.0008587332975551063, 0.0008469980118783415, 0.0008195810442803454, 0.0008103991109371728, 0.000808881092638724, 0.0008077806834004339, 0.0007948251400061011, 0.0007950592463382525, 0.0007838440968244828, 0.00077759549820633, 0.0007718970253221388, 0.0007677259204605999, 0.0007618106394645719, 0.000760183197063235, 0.0007547445433629129, 0.0007561822660156443, 0.0007501344191554189, 0.0007486314438080865, 0.0007450804015843543, 0.0007454361904001315, 0.0007466348087161422, 0.0007434270128157916, 0.000745155381801136, 0.0007399912344573361, 0.0007380112622477835, 0.0007377008999121039, 0.0007374740345596456, 0.0007334240212615447, 0.0007286973895753658, 0.0007262552494259972, 0.0007219762558310899, 0.0007200093719517542, 0.0007167421261996054, 0.000715950498867712, 0.000709425086547907, 0.0007063135563434241, 0.0007042220497957933, 0.0006982819855088811, 0.0006946384545925946, 0.0006910580330290016, 0.0006872487094772226, 0.0006872057850544847, 0.0006817860755986879, 0.0006846162540738899, 0.0006814598110256947, 0.0006775930638393559, 0.0006790033913406642, 0.0006747114848440122, 0.0006703897551812022, 0.0006669213848286893, 0.0006629949078370028, 0.0006602887069800307, 0.0006588039858585834, 0.000654324076380171, 0.000652507788780209, 0.0006523109780301936, 0.0006525234058451827, 0.0006524934879721888, 0.0006509450100791597, 0.0006475844185145486, 0.0006488660853044985, 0.0006458821033281896, 0.0006421648385905921, 0.0006385020504092277, 0.0006398107388494702, 0.0006366987791920689, 0.0006356338976298791, 0.0006319765264188528, 0.0006296721389482651, 0.0006273911365682946, 0.0006252786961434883, 0.000623658311763182], "hpi_res": [0.15996748208999634, 0.3709650928527117, 0.49406830489635467, 0.5629810683876276, 0.6135332327336073, 0.6457976858317852, 0.6630121833086013, 0.6793103396296502, 0.6881568768769503, 0.6961740421652793, 0.7013388411849737, 0.7054078898280859, 0.7074929296672344, 0.709590495094657, 0.7109200721979141, 0.7123510272055864, 0.7135923104435206, 0.7150937981903553, 0.7159526618421078, 0.7170864384621382, 0.7178667327463627, 0.718672317892313, 0.7192304418087005, 0.7199054085761308, 0.720617799565196, 0.7211509941369295, 0.7216202214807272, 0.7221842935532331, 0.722777320638299, 0.723126864656806, 0.7236088669598103, 0.7238113964796067, 0.7241113240718842, 0.7244494197070599, 0.7247429760098457, 0.725071637570858, 0.725247372224927, 0.7256758690923453, 0.7259520890116692, 0.7262093246728182, 0.7265209288597106, 0.7267380962073803, 0.7270929582118988, 0.7273132949173451, 0.7277411554306745, 0.7281305142194032, 0.7284533392786979, 0.7288228104114532, 0.7289799809902906, 0.7293696220219136, 0.7296209869682789, 0.72990998236835, 0.7301499136686325, 0.7303076773881912, 0.7305730199962854, 0.7307700145989656, 0.7310094609707594, 0.7312291515916586, 0.7314345807433128, 0.7315849861949683, 0.7316907891482115, 0.7319231741279364, 0.7321805695295334, 0.7323659913092851, 0.7324843740612268, 0.732678069844842, 0.7328405970931053, 0.7331672095805406, 0.7332568555921316, 0.7335041484683752, 0.7336621245145798, 0.733816902384162, 0.7339531214088202, 0.7341017946749926, 0.7342750799059868, 0.7345448053777218, 0.7346520916372538, 0.7347857064753771, 0.7349252133965493, 0.7351936278939247, 0.735301483631134, 0.7354361616522074, 0.7355956147909164, 0.7356977545171977, 0.7358090507239103, 0.736032442599535, 0.7361633602380753, 0.7364636146426201, 0.7366416431516409, 0.7368799438476562, 0.7370045470148325, 0.7370696382522584, 0.7371545418351889, 0.7373449862152338, 0.7374991177171468, 0.7375610190778971, 0.7377555416971445, 0.7378213477283716, 0.7380722432136536, 0.7383574959039688],