{"hpo_budget": 100, "num_runs": 1000, "bo": false, "full_res": [0.29843980073928833, 0.45387186539173124, 0.5432855647802353, 0.6054167564213276, 0.6443392542749643, 0.6712235958874225, 0.6876139872521162, 0.700016193345189, 0.7089153166562319, 0.7140261720120907, 0.7183471347391606, 0.722869827568531, 0.725485409244895, 0.7277652490735054, 0.729852305650711, 0.7317384515255689, 0.7341029343754053, 0.7357981445491314, 0.7371504328250885, 0.7387386490702629, 0.740254975900054, 0.7416607687622309, 0.7429334817230702, 0.7439430127739907, 0.7448482757508754, 0.7456762115061283, 0.7466899011284113, 0.7475044913887977, 0.7481985834240913, 0.7492346845120191, 0.7498809890449047, 0.7505537150800228, 0.7511305912733078, 0.7516166752725839, 0.752282585978508, 0.7527916929572821, 0.7533358931839466, 0.7537939565479755, 0.754232239112258, 0.7546331696361304, 0.7549912102967501, 0.7552854181528091, 0.7557760880589485, 0.7560005324184894, 0.7564398541152477, 0.7569938770979643, 0.7571994956880808, 0.7576013446897268, 0.7581231369525194, 0.758573288783431, 0.758935013115406, 0.7592527353465557, 0.7595900134891271, 0.7599282522201538, 0.7603443275988102, 0.7607141422778368, 0.761026342600584, 0.761299045726657, 0.7615962996780873, 0.7618730465620757, 0.7621133584678174, 0.762409273520112, 0.7626456656605005, 0.7629791723638772, 0.7631921746432782, 0.7634834468960762, 0.7636314904987812, 0.7638904710412026, 0.7640174541920424, 0.7640781981647015, 0.7644375555962324, 0.7646712365299463, 0.7648122922629118, 0.7650439230054616, 0.7651124562472105, 0.7652718834728003, 0.7654536743611098, 0.7656219964027404, 0.7657567187845707, 0.7659449611008168, 0.7660804885178805, 0.7662259627878666, 0.7665578272938728, 0.7667046470940113, 0.7669342692196369, 0.7671459324359894, 0.7673493552207947, 0.7676001835465431, 0.7678864219933749, 0.7680057606995105, 0.7680996404290199, 0.7682037081122398, 0.7684744043052196, 0.7687011303156615, 0.7688193899542093, 0.7690500739216805, 0.7691669143140316, 0.7693633241057396, 0.7695158351659774, 0.7697101091146469], "full_std": [0.0, 0.005669534922115888, 0.005581450523860535, 0.004773023071523152, 0.003879633519240862, 0.003015001081089854, 0.0024925000406652315, 0.0020234156105252165, 0.001571645210813834, 0.0014504965102313003, 0.0013139110759380602, 0.0012081810477540195, 0.001133908051253931, 0.001066592847794162, 0.0010174242671123761, 0.000982620746471743, 0.0009229893440371432, 0.0009064976661132721, 0.0008771383087671123, 0.0008584158113899362, 0.0008465582126242243, 0.0008141735215266344, 0.0007847085173739882, 0.000770738939056078, 0.0007610917786745586, 0.000750022674655386, 0.0007403315213276621, 0.0007238766963913606, 0.0007181933092894653, 0.0007152439180028866, 0.0007058989533733596, 0.0006989298756832547, 0.0006926654224944954, 0.000682477729855963, 0.0006701473942138856, 0.0006643675922265778, 0.0006615541020217516, 0.0006524567713137438, 0.0006416088543650518, 0.000631543430294505, 0.0006298693235018847, 0.0006262279949997832, 0.0006259834855510803, 0.0006242597065250461, 0.0006222271267474473, 0.0006147508158716286, 0.0006139426942875654, 0.0006115251424529839, 0.0006150989507973182, 0.0006064166519314984, 0.0006013141189965508, 0.0005944458664480762, 0.0005868017602772848, 0.0005846525891282332, 0.0005772970807554805, 0.0005699276503442355, 0.0005665875428872112, 0.0005619698292279016, 0.0005607177340994301, 0.0005540722423223433, 0.0005530408989224087, 0.0005458605678720906, 0.0005455515975086793, 0.0005402121390145714, 0.000539043234202864, 0.0005379662609281857, 0.0005393989177061721, 0.0005362253366579472, 0.000532816146246647, 0.000532407135354966, 0.0005297169608389174, 0.000526241306624719, 0.0005239526688446559, 0.0005235786148092788, 0.0005235828115075583, 0.0005221046672347505, 0.0005217955164611229, 0.0005208798257145986, 0.0005192284652558029, 0.0005181480020535951, 0.0005153894575077711, 0.0005137803791097894, 0.0005082108821664094, 0.0005076796694713927, 0.0005024146395282237, 0.0005016704344388607, 0.0004982452456255322, 0.0004973958122991367, 0.0004935829967094628, 0.0004916464976981277, 0.0004898527777471048, 0.00048803734520087584, 0.00048776224005256857, 0.00048723145476092133, 0.00048684521736064025, 0.00048425002457736963, 0.00048482025160086125, 0.00048036427023704335, 0.00047878857883161394, 0.0004768626450731471], "hpi_res": [0.29843980073928833, 0.47011644998192786, 0.5624715220332146, 0.6221121456474066, 0.6659099769443274, 0.6870487685203552, 0.7031500667333603, 0.7145212303996086, 0.7209857890307904, 0.7256721558570862, 0.731522401407361, 0.7352227480113507, 0.737505291506648, 0.7398438820391894, 0.741537239804864, 0.7431747388094664, 0.7446188734024763, 0.7460297605395317, 0.7469102998673915, 0.7481511117219924, 0.7494201537370682, 0.7504207517504692, 0.751462234467268, 0.7521471504420042, 0.752917594820261, 0.7534622294455766, 0.7543188391923904, 0.754762445628643, 0.7553575178980827, 0.7556657290011645, 0.7561955692321062, 0.7567899556756019, 0.7572046802639961, 0.7577113583534956, 0.7580441627949476, 0.7582484039068222, 0.7587314656376839, 0.7590979380607605, 0.7593117439299821, 0.7596441062539816, 0.7599304106533528, 0.7603271580636501, 0.7606117475777865, 0.7609474200606346, 0.7612690801173448, 0.761448048979044, 0.7618378635495902, 0.7619909677803517, 0.7623385263532401, 0.7626449189633131, 0.762812555193901, 0.763131386384368, 0.7633486105948687, 0.7635989431887865, 0.7637706270068884, 0.7639611846059561, 0.7641043245047331, 0.7643216412365437, 0.7645053552985192, 0.7646936782896518, 0.764862039938569, 0.7650057525485754, 0.7651589454263449, 0.7652862355560064, 0.7654999389499426, 0.7656335711926222, 0.7657493659555912, 0.7658742693662643, 0.7659756292104721, 0.7660898858308792, 0.7662385629862547, 0.7663282471895217, 0.7664477867484093, 0.7665283060669899, 0.7666087717115879, 0.7666682504862546, 0.7667651549428701, 0.76681394302845, 0.7668768770694733, 0.7669718672633171, 0.767084367737174, 0.767265880599618, 0.7672963261455298, 0.7674093346297741, 0.76747111569345, 0.7675532386898994, 0.7676140306442976, 0.7676886292546987, 0.7677904908806086, 0.767860159561038, 0.7679048875719309, 0.7679676045030356, 0.7680127167254687, 0.7680957014411688, 0.7681593171656131, 0.7682339592725038, 0.7682830144613981, 0.7683756455034018, 0.7684662383645773, 0.7685214538723231],