{"hpo_budget": 100, "num_runs": 30, "bo": true, "full_res": [0.44420988112688065, 0.590455203751723, 0.6538038993875186, 0.6972031285365422, 0.7114842027425766, 0.7114842027425766, 0.7131962140401205, 0.7131962140401205, 0.7174750720461209, 0.7175813511013984, 0.7212944949666659, 0.7249584486087163, 0.7300493429104488, 0.7300493429104488, 0.7351394856969515, 0.7351394856969515, 0.7360344558954239, 0.7360344558954239, 0.7363676786422729, 0.7363676786422729, 0.7389562487602234, 0.7389562487602234, 0.7393251230319341, 0.7404865756630897, 0.7429736529787382, 0.7429736529787382, 0.7449942454695702, 0.7462777897715569, 0.7484501217802365, 0.750010329981645, 0.7506447151303292, 0.7519366880257924, 0.7534757524728775, 0.7535302877426148, 0.7549819444616636, 0.7564569026231766, 0.757035405933857, 0.7588154772917429, 0.7590542753537496, 0.7596939533948899, 0.760710260272026, 0.7627104168136914, 0.7644650007287661, 0.7648454497257868, 0.7650276218851407, 0.7652410914500555, 0.7653171574076016, 0.7664274354775746, 0.7667239978909492, 0.7667363539338112, 0.7674883152047793, 0.7675139000018437, 0.7676892434557279, 0.7685827915867169, 0.7688758969306946, 0.769048040608565, 0.770731653769811, 0.7712834849953651, 0.7719778761267662, 0.7726097067197164, 0.773003189265728, 0.7730101486047108, 0.7737837448716164, 0.7741081893444062, 0.7743107224504153, 0.7747232884168624, 0.7759698872764905, 0.7764524146914482, 0.7776956533392271, 0.7778277188539505, 0.7788256973028183, 0.7788808564345042, 0.7789417917529742, 0.7790781274437905, 0.7795177400112152, 0.7799583623806635, 0.780273529390494, 0.780273529390494, 0.7812656005223592, 0.7822369659940401, 0.7829981312155724, 0.7840917413433393, 0.7855026185512543, 0.7856556604305903, 0.7862245733539264, 0.7862869009375573, 0.7865792552630106, 0.7866961896419525, 0.7866961896419525, 0.7866961896419525, 0.7869729056954384, 0.7870812426010768, 0.7872152258952458, 0.7872317939996719, 0.7877915069460869, 0.7884964540600776, 0.7888071705897649, 0.7888071705897649, 0.789976837237676, 0.7899912431836128], "full_std": [0.04685024998280431, 0.023890346503045765, 0.01636923798518881, 0.010509966852979351, 0.005656062074013269, 0.005656062074013269, 0.005281939917266273, 0.005281939917266273, 0.005413493497090901, 0.005425043821241933, 0.004875616399768678, 0.005308776917221327, 0.0051454666730091966, 0.0051454666730091966, 0.00420113651036832, 0.00420113651036832, 0.00429388925597177, 0.00429388925597177, 0.0042259827634680775, 0.0042259827634680775, 0.004286470414674391, 0.004286470414674391, 0.004234700970413933, 0.004363542229506215, 0.004396787830067409, 0.004396787830067409, 0.004247804639461354, 0.004347478126775822, 0.004048705946418646, 0.004204984095176288, 0.004232574387583208, 0.004182014903175872, 0.003908197754183838, 0.0039023019619448597, 0.003692324379059513, 0.0036465909082793705, 0.00369145833858977, 0.0036600831312646634, 0.0036550073202126477, 0.003665187067048844, 0.0036651421971606725, 0.003748311771570619, 0.003301086918627373, 0.0032527718523974133, 0.0032804011473521783, 0.003259256113501992, 0.0032337761729718893, 0.002836101522521421, 0.0028938164203616674, 0.0028899496229304366, 0.0027330277715855657, 0.002733602697556103, 0.0027306190040810464, 0.0027141233299738192, 0.0026371367975042744, 0.002639138582464822, 0.0023949823863262556, 0.002375908330962089, 0.0022401027940993157, 0.0021204225065898194, 0.002129575063969348, 0.0021298945603119737, 0.0020474442102021905, 0.0020332387949833467, 0.002089575707146415, 0.002174486173113906, 0.002288067218221858, 0.0023907253123535183, 0.0023513610523770347, 0.0023994723632514295, 0.002386091121895682, 0.0023659846283227504, 0.0023766192904974355, 0.0023728541589146533, 0.00244379630222162, 0.0024526715692838675, 0.002437050890824371, 0.002437050890824371, 0.002378879939213295, 0.00225736530502686, 0.002424964385506568, 0.002507348067280053, 0.002537623880677401, 0.0025323824129303424, 0.0025730848610253728, 0.002564368289196121, 0.0025450228090730083, 0.0025479275614073856, 0.0025479275614073856, 0.0025479275614073856, 0.0025014870281254414, 0.0024830882174714923, 0.0024849642647428033, 0.0024836166998733478, 0.0025023823705484487, 0.002605096776724998, 0.002612823129537394, 0.002612823129537394, 0.002530138565463864, 0.0025324296464036733], "hpi_res": [0.42094749957323074, 0.6396706506609917, 0.6830250784754753, 0.7228245889147122, 0.732190859814485, 0.7339224870006243, 0.7431977217396101, 0.7454834813872974, 0.7476452325781187, 0.7476452325781187, 0.7493945250908534, 0.7523204361399015, 0.7533953850467999, 0.7533953850467999, 0.7538011059165001, 0.7546188359459242, 0.7546188359459242, 0.7546188359459242, 0.7558724651734035, 0.7568502386411031, 0.7568502386411031, 0.7589552983641624, 0.7605517481764158, 0.7612823242942492, 0.7617608790596326, 0.7620678693056107, 0.7620971937974294, 0.7623765076200167, 0.7624028692642848, 0.7633216450611751, 0.7633920977512996, 0.7634016871452332, 0.7636574650804202, 0.7644225706656774, 0.7644429206848145, 0.7644429206848145, 0.7646211624145508, 0.7657110462586085, 0.7659791822234789, 0.7660927087068558, 0.7661148697137833, 0.7662221396962802, 0.7662695631384849, 0.7662768905361493, 0.7662768905361493, 0.7665074477593105, 0.7673321867982547, 0.7673403784632683, 0.7675388673941295, 0.7678775350252788, 0.7687498509883881, 0.7692068969209989, 0.7692068969209989, 0.7692965919772784, 0.7693784857789675, 0.7693999961018563, 0.7693999961018563, 0.7693999961018563, 0.7696119834979375, 0.7703129922350248, 0.7705077672998111, 0.770774458348751, 0.7708127627770106, 0.7711633910735448, 0.7711794132987658, 0.7712231203913689, 0.77146109243234, 0.77146109243234, 0.7714693859219551, 0.7715405046939849, 0.7719875991344451, 0.7719875991344451, 0.7719875991344451, 0.7720996588468552, 0.7724649349848429, 0.7724649349848429, 0.7724666863679885, 0.7726566205422084, 0.7727610871195794, 0.7728134115537008, 0.7728245596090952, 0.7728303864598274, 0.7728446443875631, 0.772870346903801, 0.7730480417609215, 0.7730599721272786, 0.7733625918626785, 0.7734806537628174, 0.773481551806132, 0.7734859764575959, 0.7735701461633047, 0.7735701461633047, 0.7735902383923531, 0.7736141875386238, 0.7737344697117805, 0.7737417424718539, 0.7737483148773511, 0.7737618843714397, 0.7737669477860133, 0.773767052590847],