{"hpo_budget": 100, "num_runs": 30, "bo": true, "full_res": [0.38911839028199513, 0.5128981500864029, 0.6037582874298095, 0.6584109937151273, 0.681253032386303, 0.6854662830630939, 0.6961943169434865, 0.7022606720527013, 0.7084793443481128, 0.7084793443481128, 0.7134566744168599, 0.7136791268984477, 0.7158768196900686, 0.7158768196900686, 0.7190746913353602, 0.7230025122563044, 0.7238279064496358, 0.7264310891429583, 0.7264310891429583, 0.7264310891429583, 0.7276741370558739, 0.7276741370558739, 0.7307609741886457, 0.7333428233861923, 0.7338701983292898, 0.7338701983292898, 0.7355657940109571, 0.7419419378042221, 0.7446113884449005, 0.746571667989095, 0.747496190170447, 0.7489091128110885, 0.7490383158127467, 0.749250436325868, 0.7546618426839511, 0.7568827832738558, 0.7583930258949597, 0.7589267964164416, 0.7609035621086756, 0.7618312259515126, 0.7629828428228697, 0.7629828428228697, 0.7633236691355705, 0.763676122824351, 0.7647999117771784, 0.7649969736735026, 0.7655604739983877, 0.7661118775606155, 0.7671751777331034, 0.7674005553126335, 0.7682004868984222, 0.7698876221974691, 0.7703385020295779, 0.7709704965353013, 0.7721469392379124, 0.7731828351815542, 0.773394305507342, 0.7739351972937584, 0.7752040728926659, 0.776454376677672, 0.777723129093647, 0.7784744575619698, 0.7792269125580787, 0.7793490593632062, 0.7800494894385338, 0.7804768393437068, 0.781149667998155, 0.7814263174931209, 0.7815572674075763, 0.7824109271168709, 0.7828766624132792, 0.7832951004306475, 0.7834761356314023, 0.7841117238005002, 0.7850379397471746, 0.7855506723125776, 0.7859798967838287, 0.7861326371630033, 0.7861690769592921, 0.786196746925513, 0.7862896904349327, 0.7862896904349327, 0.7870860318342845, 0.7877439325054486, 0.7880592222015063, 0.7885227908690771, 0.7897089754541715, 0.7897901604572932, 0.7897901604572932, 0.7905720780293147, 0.7910271763801575, 0.7911251599589983, 0.7926955501238505, 0.7928571790456772, 0.7930002868175506, 0.7933305154244105, 0.7933827127019565, 0.7934220920006434, 0.7937987844149271, 0.7940686270594597], "full_std": [0.045337479740820294, 0.027735828648019396, 0.02270202773438816, 0.0137741476823524, 0.009429723873001197, 0.00882930379977792, 0.0063989959909829894, 0.005785116474998972, 0.006114260655577865, 0.006114260655577865, 0.0059446789423604094, 0.005908623830076808, 0.005607294327339131, 0.005607294327339131, 0.005506561661983582, 0.004736894366234495, 0.0048186783778980564, 0.004910749806848615, 0.004910749806848615, 0.004910749806848615, 0.004857986046656866, 0.004857986046656866, 0.004661584217368571, 0.004377116906349002, 0.004322222208982374, 0.004322222208982374, 0.004364588851202399, 0.004019761561821671, 0.004045411649674733, 0.00382933736009819, 0.0037540030095340564, 0.0037282943813279354, 0.0037360319222373276, 0.003743222152270253, 0.003976531801589687, 0.003749680623534831, 0.003788009872542645, 0.003811769981057085, 0.0039029069952801845, 0.0038261586409768693, 0.003846729357158057, 0.003846729357158057, 0.003875435619431075, 0.003930650808533882, 0.004032302591351665, 0.004076194677861125, 0.004224792877642976, 0.004011980831012609, 0.00416528336084699, 0.004183455338489727, 0.00426452451733804, 0.004328753845793993, 0.004319833229838027, 0.004424708107383045, 0.004479594912528577, 0.004475506847718063, 0.004478917643595629, 0.004433208339594734, 0.004501216473313611, 0.004560003054655519, 0.004202245388904167, 0.004186134139840859, 0.00426000720520051, 0.00420793434891973, 0.004298175067707625, 0.00431648328199933, 0.00410339695218722, 0.004107193447872379, 0.004093548218222316, 0.003984939399884119, 0.004041904308777426, 0.0040728257738183865, 0.004063936129595538, 0.00410826965562515, 0.004081224416448019, 0.004160861714816189, 0.00402516310330449, 0.004011555665329863, 0.004018192779214019, 0.004024435648063059, 0.004042808670282369, 0.004042808670282369, 0.003990896678620396, 0.003856453066332698, 0.00392461334682068, 0.003948657645682369, 0.004053349608550626, 0.004057401854758569, 0.004057401854758569, 0.004117112354528875, 0.004156410554229478, 0.004169239400738247, 0.003979362863299657, 0.0039722482722282714, 0.003993942118043105, 0.0038580384085854288, 0.0038650596719644248, 0.003869764447534259, 0.003889580387070325, 0.0038905545133133415], "hpi_res": [0.3672363102436066, 0.5806706657012304, 0.6302730133136113, 0.691879407564799, 0.6944060325622559, 0.696649024883906, 0.7026196549336116, 0.7070633182923, 0.7088710914055506, 0.7089189012845357, 0.710825722416242, 0.7130781849225362, 0.714669727285703, 0.7159572551647823, 0.7171605755885442, 0.7171605755885442, 0.7179542024930318, 0.7179876059293747, 0.7185330917437871, 0.7196412612994512, 0.7196412612994512, 0.7242831081151963, 0.7281662036975225, 0.7308786238233248, 0.7310186083118121, 0.7320301756262779, 0.7331166878342629, 0.7336647128065427, 0.7347433581948281, 0.7366596455375354, 0.7385791187485059, 0.7404487277070682, 0.7412005563577017, 0.7423317914207777, 0.744102860490481, 0.7447770640254021, 0.7451397453745207, 0.7459418778618176, 0.7461734523375829, 0.7466927756865819, 0.7467393924792608, 0.7467393924792608, 0.746957828104496, 0.746957828104496, 0.7470006520549456, 0.7476409951845805, 0.7487131064136823, 0.7487795879443486, 0.7490576565265655, 0.7496038580934207, 0.7503432457645735, 0.7506297553579012, 0.7506724153955777, 0.7518116176128388, 0.7518478477994601, 0.7521584972739219, 0.7528705045580864, 0.7528705045580864, 0.7529028882582982, 0.7531188567479451, 0.7531188567479451, 0.7540535887082418, 0.7542617470026016, 0.7550175413489342, 0.7551098157962163, 0.7551486069957415, 0.7554841493566831, 0.7567119359970093, 0.7570742631951968, 0.757750961681207, 0.7579135328531266, 0.7592914422353109, 0.7595900838573774, 0.7597619225581487, 0.761639832953612, 0.761639832953612, 0.761722207069397, 0.7633931040763855, 0.7634439155459404, 0.7643617659807205, 0.7646822025378545, 0.7648407215873401, 0.7648673295974732, 0.7649169757962226, 0.7650256817539532, 0.7654068077603976, 0.7654877796769142, 0.7657403618097305, 0.7657911499341329, 0.7658126453558604, 0.7658135324716568, 0.7658135324716568, 0.766023118297259, 0.7661446337898572, 0.7661821400125821, 0.7661821400125821, 0.7662074570854505, 0.7662074570854505, 0.7662074570854505, 0.7669406190514565],