{"hpo_budget": 100, "num_runs": 1000, "bo": false, "full_res": [0.26420658826828003, 0.2852472352385521, 0.3001908746957779, 0.3096724072098732, 0.316199247777462, 0.3211990002989769, 0.3249862688779831, 0.3283927186727524, 0.3312142943143845, 0.33288292133808134, 0.33495465391874313, 0.33651974380016325, 0.33787285393476485, 0.33902641880512235, 0.3399107075333595, 0.34066051560640337, 0.3416078948378563, 0.3421861104369163, 0.34296806788444517, 0.3434847729802132, 0.3441854109764099, 0.3447894879579544, 0.345167784512043, 0.3456922575831413, 0.34605103713274005, 0.34651337105035784, 0.3469271052479744, 0.3473329059481621, 0.3477524596452713, 0.3480207894444466, 0.34830021917819975, 0.3486975801587105, 0.3490245400071144, 0.3493594310283661, 0.34961513447761533, 0.3499020630717278, 0.3502628167867661, 0.350535608291626, 0.3507627076506615, 0.3510623897314072, 0.3513594228029251, 0.3515492406487465, 0.3518208039402962, 0.35204635524749756, 0.3522842719554901, 0.35245205157995224, 0.35263204675912857, 0.3529073601365089, 0.35305107897520066, 0.3532211422920227, 0.35334212470054627, 0.35353440886735915, 0.35374244034290314, 0.3538827257752418, 0.35415207922458647, 0.3543401771783829, 0.3544980654716492, 0.35466114574670793, 0.3548389179110527, 0.3550229447484016, 0.35524057620763777, 0.35538281643390657, 0.35559153008461, 0.3557570140361786, 0.3558981472849846, 0.35604298567771914, 0.3562580870389938, 0.35635166871547697, 0.3564417244195938, 0.3565518538951874, 0.35662954044342043, 0.356730654835701, 0.3568044663667679, 0.35687879025936126, 0.3569477884173393, 0.3570334025025368, 0.35714682030677797, 0.3573404268622398, 0.357440991461277, 0.3575200138688088, 0.35757479482889176, 0.3576791484951973, 0.35780324465036395, 0.35787347686290744, 0.35793389052152635, 0.3580350852608681, 0.3581311100125313, 0.3582767528295517, 0.3584965400695801, 0.35860793429613114, 0.35869739192724226, 0.3587668268084526, 0.3587870216369629, 0.3588364762067795, 0.3589092043042183, 0.35899599438905716, 0.3591230124235153, 0.35919895058870316, 0.35921814262866975, 0.3592952585220337], "full_std": [0.0, 0.000870959734747922, 0.0009426943152316172, 0.0008956519295318111, 0.0008227475080799544, 0.0007646896190850005, 0.0006986553518331275, 0.0006471087528667886, 0.0006022164882852155, 0.0005729903020650014, 0.0005394069032925103, 0.0005210815862591034, 0.0004875072791420508, 0.0004718787777989498, 0.00045239065271910207, 0.0004427512807821374, 0.00042295739269686917, 0.00042024472895588097, 0.00040823397325361657, 0.0004035845902206795, 0.0003958027638843085, 0.00039444274260154406, 0.0003902041409211967, 0.0003869182287324336, 0.0003836996442916637, 0.0003789197019054747, 0.00037483162511423176, 0.0003693855917667926, 0.0003679785109201683, 0.0003653140955254109, 0.0003700352972194137, 0.00036858266617404063, 0.0003666841650139764, 0.00036602185897915095, 0.0003634150243961055, 0.00036433331989651314, 0.0003602832701378831, 0.0003575246625923137, 0.0003561947679311317, 0.00035691863037570206, 0.00035051729791701214, 0.00034997624618332947, 0.000350967708479826, 0.00034713882224262445, 0.00034458383810065727, 0.00034240561126596547, 0.0003390689004668592, 0.0003365396710757943, 0.00033499567995740244, 0.00033321328211984475, 0.00033231682473392485, 0.0003295729822918943, 0.00032588805805497097, 0.0003263622496924355, 0.00032839116967895316, 0.00032922695219099815, 0.000328039294801478, 0.0003293021954538488, 0.00032646642640780807, 0.0003261939205865531, 0.00032600325784310364, 0.0003231357173162698, 0.00032053875077965566, 0.0003196247878760127, 0.0003174439220412153, 0.00031617132198917964, 0.00031426315811565047, 0.00031468970211213134, 0.0003134767103799209, 0.0003123114556556148, 0.0003119763835436577, 0.0003099801435531673, 0.0003092045528231492, 0.0003087754843884959, 0.0003077586371985372, 0.00030683565969206024, 0.000307571844092767, 0.00030939862806252257, 0.000309064790337225, 0.00030914001749717354, 0.00030792151308032016, 0.00030767631816836714, 0.0003073048506055762, 0.00030735590064914125, 0.0003061246893723946, 0.0003052762916458402, 0.00030452637062764853, 0.00030286336924311384, 0.00030435417628061115, 0.00030510405808356796, 0.00030462282219848697, 0.00030363112066786487, 0.00030379268233839726, 0.0003025641542000911, 0.00030109541968968223, 0.00030104315569705407, 0.0003024832941534647, 0.0003023059974359898, 0.0003018346842623316, 0.0003004491381363846], "hpi_res": [0.26420658826828003, 0.2895766412615776, 0.3066669018864632, 0.3164669926762581, 0.3221953628063202, 0.32675628644227983, 0.32940299713611604, 0.3312777870297432, 0.33274084717035296, 0.33422596472501753, 0.33543357557058334, 0.33661601948738096, 0.33744992679357527, 0.3383171463608742, 0.33900479567050934, 0.3395670540332794, 0.34015381455421445, 0.34075505447387694, 0.34117494368553164, 0.3417188721895218, 0.34230463808774947, 0.3427767395973206, 0.34335716724395754, 0.3439567140340805, 0.3443019949197769, 0.34463051599264144, 0.34497367137670515, 0.3455326793193817, 0.3459314956068993, 0.34609116697311404, 0.34644044274091723, 0.3467267444729805, 0.34693072414398196, 0.3471396139264107, 0.34741590893268587, 0.34766821205616, 0.3479171078205109, 0.34819726330041884, 0.3483511269688606, 0.3486317057609558, 0.34883713895082474, 0.34919426292181016, 0.34932799959182737, 0.3495094445347786, 0.34981117129325867, 0.350046318590641, 0.350174771130085, 0.3503631744384766, 0.35052875727415084, 0.35067257976531985, 0.3508005790114403, 0.35105239552259443, 0.3511134576201439, 0.3512947939038277, 0.3514148082137108, 0.3515829986333847, 0.3517436236143112, 0.3519373856782913, 0.35209723925590514, 0.35230813652276993, 0.35239395213127134, 0.35247215032577517, 0.3525939498543739, 0.3526985025405884, 0.3527890533208847, 0.3528824420571327, 0.35298604840040204, 0.35306586474180224, 0.35316180568933486, 0.3532562797665596, 0.35335573464632036, 0.35345810401439665, 0.35355450201034544, 0.3536471229791641, 0.35375495290756226, 0.35394248086214064, 0.3540234889388084, 0.35408145916461947, 0.3541329483985901, 0.3542486558556557, 0.35437432658672335, 0.354402132332325, 0.3544908128976822, 0.35457146602869033, 0.35465979248285295, 0.3547367140650749, 0.35478439289331437, 0.354828437268734, 0.35488794100284576, 0.35493089753389356, 0.35499852007627486, 0.3550848879814148, 0.35513927006721496, 0.3552255269289017, 0.35531362211704254, 0.35540625429153444, 0.3554733815789223, 0.35553374779224395, 0.35567849963903425, 0.3557228889465332],