{"hpo_budget": 100, "num_runs": 30, "bo": true, "full_res": [0.3888645003239314, 0.4601799229780833, 0.5209817369778951, 0.563204695781072, 0.573816579580307, 0.5801601509253184, 0.5908472627401352, 0.5908472627401352, 0.5963766107956568, 0.5971532881259918, 0.6006196598211925, 0.6038159976402918, 0.605330350001653, 0.605330350001653, 0.6096760590871175, 0.6105607916911443, 0.6115463147560756, 0.612084048986435, 0.6122994561990102, 0.6122994561990102, 0.6130617757638296, 0.6130617757638296, 0.6136819730202357, 0.6136819730202357, 0.6136819730202357, 0.6136819730202357, 0.6174026598532995, 0.6203561027844747, 0.6209587941567103, 0.6215242713689804, 0.6220291475454967, 0.6221987068653106, 0.6223685681819916, 0.6231535583734512, 0.6245379646619161, 0.6249333749214808, 0.6254215647776922, 0.6263359785079956, 0.6268509397904078, 0.6271288454532623, 0.6271288454532623, 0.6276367495457331, 0.6287839939196904, 0.6291137874126435, 0.6304472068945567, 0.631709082921346, 0.632274771730105, 0.633979923526446, 0.6341275463501612, 0.6342265963554382, 0.6348375449577968, 0.6376438200473785, 0.6379361818234126, 0.6383791824181875, 0.6389423340559006, 0.6389946609735488, 0.6405872086683909, 0.6410967955986658, 0.6418126463890076, 0.6418126463890076, 0.643024687965711, 0.6431018670399984, 0.6434472431739171, 0.643452587723732, 0.6435620099306106, 0.6438898513714473, 0.6441117624441782, 0.6445190479358037, 0.6445190479358037, 0.6453652173280716, 0.6466076225042343, 0.6469373921553294, 0.6478542894124985, 0.6482497960329056, 0.6490861624479294, 0.6492903043826421, 0.6499336421489715, 0.6503036022186279, 0.6504574606815974, 0.650460210442543, 0.6505130678415298, 0.650584461291631, 0.6514609515666961, 0.6517618477344513, 0.6520947396755219, 0.652460182706515, 0.6526763359705607, 0.6530721724033356, 0.6545031170050303, 0.6547935605049133, 0.6552118539810181, 0.6557231654723485, 0.6567299048105876, 0.6567319909731547, 0.6571660061677297, 0.6573233326276143, 0.6574698915084203, 0.6574698915084203, 0.6575148671865463, 0.6578305502732594], "full_std": [0.029604641623342975, 0.01724567532243271, 0.01450218933685796, 0.010211456421391249, 0.008247334032385473, 0.006860818131435595, 0.00394337424140758, 0.00394337424140758, 0.0034117183069146757, 0.0033942527312474822, 0.003281020362449808, 0.003207766461069717, 0.0033003948687313073, 0.0033003948687313073, 0.002742459582738566, 0.0025572736575721505, 0.002321535346835485, 0.0023397639633978254, 0.002305859616440273, 0.002305859616440273, 0.0022890336303062566, 0.0022890336303062566, 0.0021633775908379096, 0.0021633775908379096, 0.0021633775908379096, 0.0021633775908379096, 0.0028472410890329107, 0.002685940139119914, 0.0027069926029342634, 0.002729297789572438, 0.002735728718684021, 0.0027190854306790033, 0.0026943856587280674, 0.0028838868491127176, 0.00270314802963818, 0.0027290308794150884, 0.002788627937907338, 0.0029389420745857867, 0.0030138428011467645, 0.002989746753460774, 0.002989746753460774, 0.0029521084556682975, 0.0030384057064694117, 0.003153057609294548, 0.003277581736455274, 0.0032441182263166007, 0.003235861435758156, 0.003384634908740844, 0.003354288801500454, 0.0033685465186635787, 0.0032833590920706346, 0.003906229196975381, 0.0039037063889448063, 0.0038821499796267748, 0.0038578238346225176, 0.003861109841497149, 0.003637356645448076, 0.0036682615659704896, 0.0035570888282936103, 0.0035570888282936103, 0.0035322798346179222, 0.003522887827050328, 0.0034940662479880924, 0.00349505829326362, 0.0035115332037841873, 0.0034979929880974417, 0.0034895646427851625, 0.003627056836003852, 0.003627056836003852, 0.003687942161251803, 0.003742341248734934, 0.003789056894163105, 0.0037613620251404226, 0.0037741484357351296, 0.0037954361906572635, 0.0037928442346776624, 0.0038647443131470498, 0.00394948138542065, 0.003964582948135308, 0.003964721603864278, 0.003967744040558892, 0.003968169193980666, 0.004198840757513601, 0.004225640690381096, 0.00420636353217727, 0.00423422905222422, 0.004226685886630316, 0.004295511052957581, 0.0044169551316892396, 0.004454315333699306, 0.004534384307464365, 0.004574306545635996, 0.0047445182620991, 0.004744635980188069, 0.004809720066296054, 0.004781493988151211, 0.004836182582717226, 0.004836182582717226, 0.004834155808116384, 0.004850421550960915], "hpi_res": [0.37834531664848325, 0.536017793416977, 0.5606462717056274, 0.5755867928266525, 0.5841715335845947, 0.58731376628081, 0.5881236920754115, 0.5932864705721538, 0.5966313978036245, 0.6020317544539769, 0.6020317544539769, 0.6039974361658096, 0.6060988634824753, 0.6096775104602178, 0.6108074506123861, 0.6125603705644608, 0.613554905851682, 0.6144662578900655, 0.6144662578900655, 0.6149869978427887, 0.6149869978427887, 0.6163807928562164, 0.6170167744159698, 0.6176408777634302, 0.6180860767761867, 0.6183131923278172, 0.6183556000391642, 0.6187017440795899, 0.6187017440795899, 0.6191603432099024, 0.6198668857415517, 0.6198668857415517, 0.6198668857415517, 0.6199258476495743, 0.619926831126213, 0.6200839708248774, 0.6200881481170655, 0.6205428759256999, 0.620567559202512, 0.6205974300702413, 0.6206767996152242, 0.6206995983918507, 0.6209041049083074, 0.6209041049083074, 0.6212808003028234, 0.6212838421265284, 0.6213349521160125, 0.6213354239861171, 0.6213736534118652, 0.6213736534118652, 0.6213760773340861, 0.6213760773340861, 0.6213760773340861, 0.621521669626236, 0.6215240399042765, 0.6215240399042765, 0.6215457568566004, 0.6215464214483897, 0.6215464214483897, 0.6222498844067256, 0.6222498844067256, 0.6223708262046178, 0.6224572290976842, 0.6226461142301559, 0.6228948056697845, 0.6231438448031743, 0.6234523673852285, 0.6236795663833619, 0.6236795663833619, 0.6238493829965591, 0.6238493829965591, 0.623850495616595, 0.6240277111530304, 0.6240599572658538, 0.6240599572658538, 0.6240599572658538, 0.6240794450044632, 0.6242855141560236, 0.624350768327713, 0.624350768327713, 0.624350768327713, 0.6243892292181651, 0.6244864732027053, 0.6244864732027053, 0.6247441271940867, 0.6256300896406174, 0.6256426066160202, 0.6256671736637751, 0.6258957932392756, 0.6259397745132447, 0.6259424775838852, 0.6259424775838852, 0.6259424775838852, 0.6259424775838852, 0.6259424775838852, 0.6259670406579971, 0.6259670406579971, 0.6260150541861852, 0.6260150541861852, 0.6260165294011434],