{"instance": "167152", "metric": "val_accuracy", "hpo_budget": 100, "num_runs": 1000, "bo": false, "full_res": [92.3536376953125, 93.75994110107422, 94.88490295410156, 95.74969482421875, 96.39440155029297, 96.85804748535156, 97.22822570800781, 97.50394439697266, 97.71095275878906, 97.85818481445312, 98.00341033935547, 98.15814208984375, 98.26778411865234, 98.3736572265625, 98.44340515136719, 98.51812744140625, 98.5900650024414, 98.64247131347656, 98.70012664794922, 98.74022674560547, 98.77324676513672, 98.81593322753906, 98.84516143798828, 98.87799072265625, 98.89800262451172, 98.91851043701172, 98.94607543945312, 98.95777893066406, 98.98859405517578, 99.007080078125, 99.01737213134766, 99.03121948242188, 99.0433120727539, 99.05767059326172, 99.06776428222656, 99.08617401123047, 99.09575653076172, 99.10557556152344, 99.11146545410156, 99.12289428710938, 99.12985229492188, 99.13907623291016, 99.14586639404297, 99.1505126953125, 99.16246795654297, 99.1670913696289, 99.17098999023438, 99.17850494384766, 99.1842269897461, 99.1899642944336, 99.19258117675781, 99.19857788085938, 99.20425415039062, 99.20870208740234, 99.21609497070312, 99.2203140258789, 99.22591400146484, 99.23133087158203, 99.23643493652344, 99.24053192138672, 99.24446868896484, 99.24763488769531, 99.25222778320312, 99.2562255859375, 99.25950622558594, 99.26239013671875, 99.26494598388672, 99.26754760742188, 99.26927947998047, 99.27233123779297, 99.27598571777344, 99.27749633789062, 99.2812271118164, 99.28445434570312, 99.28601837158203, 99.28866577148438, 99.28915405273438, 99.29142761230469, 99.29305267333984, 99.29668426513672, 99.2983627319336, 99.30045318603516, 99.30244445800781, 99.30467224121094, 99.3082046508789, 99.30944061279297, 99.31151580810547, 99.31373596191406, 99.31524658203125, 99.31743621826172, 99.31903076171875, 99.31986236572266, 99.32186889648438, 99.32321166992188, 99.32636260986328, 99.32810974121094, 99.33101654052734, 99.33245849609375, 99.3341064453125, 99.33554077148438], "full_std": [2.4126265429913474e-07, 0.07167511433362961, 0.08305919170379639, 0.08130941540002823, 0.07639322429895401, 0.06939693540334702, 0.06397344917058945, 0.058430902659893036, 0.05412662401795387, 0.050501417368650436, 0.04698234051465988, 0.04230869933962822, 0.03903933987021446, 0.035578254610300064, 0.03355228900909424, 0.03145803138613701, 0.029403196647763252, 0.02739337831735611, 0.025369854643940926, 0.024616602808237076, 0.02341047301888466, 0.021473094820976257, 0.020651530474424362, 0.019377194344997406, 0.018953729420900345, 0.017956528812646866, 0.017321771010756493, 0.01686546579003334, 0.015625275671482086, 0.014810197055339813, 0.014591735787689686, 0.014164839871227741, 0.013532071374356747, 0.01310667209327221, 0.012953029945492744, 0.01237273495644331, 0.012040036730468273, 0.011827626265585423, 0.0116806048899889, 0.011252546682953835, 0.011042130179703236, 0.010864260606467724, 0.010729205794632435, 0.010588623583316803, 0.010079232044517994, 0.009978938847780228, 0.009919476695358753, 0.009659910574555397, 0.009515192359685898, 0.009378132410347462, 0.009329563938081264, 0.009202342480421066, 0.009051100350916386, 0.008841234259307384, 0.008634774014353752, 0.008544320240616798, 0.008405676111578941, 0.008303198032081127, 0.008153824135661125, 0.008052506484091282, 0.007987205870449543, 0.007880703546106815, 0.007731035817414522, 0.0075360811315476894, 0.007383422460407019, 0.007341115735471249, 0.007288914639502764, 0.007230596616864204, 0.0071798330172896385, 0.007051870692521334, 0.006909284740686417, 0.0068659596145153046, 0.006736531388014555, 0.006609534844756126, 0.006566861178725958, 0.00652339169755578, 0.006521325092762709, 0.006408260203897953, 0.006406663917005062, 0.006183966062963009, 0.006164234131574631, 0.006078822538256645, 0.0060132890939712524, 0.005949343089014292, 0.005783353932201862, 0.005715997889637947, 0.0056338123977184296, 0.005584556609392166, 0.0054599326103925705, 0.00533853517845273, 0.005341625772416592, 0.00534350611269474, 0.00528850220143795, 0.005258534569293261, 0.0051822061650455, 0.00516304699704051, 0.005020988639444113, 0.005004702601581812, 0.004990854766219854, 0.004954365082085133], "hpi_res": [92.3536376953125, 93.87996673583984, 94.9373550415039, 95.75743103027344, 96.39083099365234, 96.85655975341797, 97.19473266601562, 97.46053314208984, 97.63774871826172, 97.79299926757812, 97.9114990234375, 98.0323486328125, 98.1357650756836, 98.18865203857422, 98.25035858154297, 98.30581665039062, 98.35470581054688, 98.38479614257812, 98.40913391113281, 98.4302978515625, 98.44497680664062, 98.47062683105469, 98.4860610961914, 98.50227355957031, 98.51289367675781, 98.52123260498047, 98.52806091308594, 98.53534698486328, 98.54913330078125, 98.55974578857422, 98.56437683105469, 98.57097625732422, 98.57685852050781, 98.580810546875, 98.58411407470703, 98.58873748779297, 98.59097290039062, 98.59355926513672, 98.59477233886719, 98.59685516357422, 98.59850311279297, 98.59940338134766, 98.60063934326172, 98.6024398803711, 98.6048812866211, 98.60613250732422, 98.6070785522461, 98.60784149169922, 98.60891723632812, 98.6101303100586, 98.61227416992188, 98.6129379272461, 98.6134033203125, 98.61470031738281, 98.61640167236328, 98.61714935302734, 98.61779022216797, 98.61865997314453, 98.61925506591797, 98.61981201171875, 98.62042236328125, 98.62140655517578, 98.62281799316406, 98.6232681274414, 98.62395477294922, 98.6247329711914, 98.62562561035156, 98.6261215209961, 98.62641906738281, 98.62689971923828, 98.62696838378906, 98.62720489501953, 98.62732696533203, 98.6275863647461, 98.62783813476562, 98.62799835205078, 98.628173828125, 98.62849426269531, 98.62895202636719, 98.62933349609375, 98.62969970703125, 98.62970733642578, 98.62987518310547, 98.63023376464844, 98.63054656982422, 98.63068389892578, 98.6307601928711, 98.63099670410156, 98.63129425048828, 98.6314697265625, 98.6315689086914, 98.63206481933594, 98.63214874267578, 98.63219451904297, 98.63229370117188, 98.63243865966797, 98.63262176513672, 98.63275146484375, 98.63287353515625, 98.63299560546875],