{"instance": "126026", "metric": "val_accuracy", "hpo_budget": 100, "num_runs": 1000, "bo": false, "full_res": [92.3536376953125, 93.75994110107422, 94.88490295410156, 95.74969482421875, 96.39440155029297, 96.85804748535156, 97.22822570800781, 97.50394439697266, 97.71095275878906, 97.85818481445312, 98.00341033935547, 98.15814208984375, 98.26778411865234, 98.3736572265625, 98.44340515136719, 98.51812744140625, 98.5900650024414, 98.64247131347656, 98.70012664794922, 98.74022674560547, 98.77324676513672, 98.81593322753906, 98.84516143798828, 98.87799072265625, 98.89800262451172, 98.91851043701172, 98.94607543945312, 98.95777893066406, 98.98859405517578, 99.007080078125, 99.01737213134766, 99.03121948242188, 99.0433120727539, 99.05767059326172, 99.06776428222656, 99.08617401123047, 99.09575653076172, 99.10557556152344, 99.11146545410156, 99.12289428710938, 99.12985229492188, 99.13907623291016, 99.14586639404297, 99.1505126953125, 99.16246795654297, 99.1670913696289, 99.17098999023438, 99.17850494384766, 99.1842269897461, 99.1899642944336, 99.19258117675781, 99.19857788085938, 99.20425415039062, 99.20870208740234, 99.21609497070312, 99.2203140258789, 99.22591400146484, 99.23133087158203, 99.23643493652344, 99.24053192138672, 99.24446868896484, 99.24763488769531, 99.25222778320312, 99.2562255859375, 99.25950622558594, 99.26239013671875, 99.26494598388672, 99.26754760742188, 99.26927947998047, 99.27233123779297, 99.27598571777344, 99.27749633789062, 99.2812271118164, 99.28445434570312, 99.28601837158203, 99.28866577148438, 99.28915405273438, 99.29142761230469, 99.29305267333984, 99.29668426513672, 99.2983627319336, 99.30045318603516, 99.30244445800781, 99.30467224121094, 99.3082046508789, 99.30944061279297, 99.31151580810547, 99.31373596191406, 99.31524658203125, 99.31743621826172, 99.31903076171875, 99.31986236572266, 99.32186889648438, 99.32321166992188, 99.32636260986328, 99.32810974121094, 99.33101654052734, 99.33245849609375, 99.3341064453125, 99.33554077148438], "full_std": [2.4126265429913474e-07, 0.07167511433362961, 0.08305919170379639, 0.08130941540002823, 0.07639322429895401, 0.06939693540334702, 0.06397344917058945, 0.058430902659893036, 0.05412662401795387, 0.050501417368650436, 0.04698234051465988, 0.04230869933962822, 0.03903933987021446, 0.035578254610300064, 0.03355228900909424, 0.03145803138613701, 0.029403196647763252, 0.02739337831735611, 0.025369854643940926, 0.024616602808237076, 0.02341047301888466, 0.021473094820976257, 0.020651530474424362, 0.019377194344997406, 0.018953729420900345, 0.017956528812646866, 0.017321771010756493, 0.01686546579003334, 0.015625275671482086, 0.014810197055339813, 0.014591735787689686, 0.014164839871227741, 0.013532071374356747, 0.01310667209327221, 0.012953029945492744, 0.01237273495644331, 0.012040036730468273, 0.011827626265585423, 0.0116806048899889, 0.011252546682953835, 0.011042130179703236, 0.010864260606467724, 0.010729205794632435, 0.010588623583316803, 0.010079232044517994, 0.009978938847780228, 0.009919476695358753, 0.009659910574555397, 0.009515192359685898, 0.009378132410347462, 0.009329563938081264, 0.009202342480421066, 0.009051100350916386, 0.008841234259307384, 0.008634774014353752, 0.008544320240616798, 0.008405676111578941, 0.008303198032081127, 0.008153824135661125, 0.008052506484091282, 0.007987205870449543, 0.007880703546106815, 0.007731035817414522, 0.0075360811315476894, 0.007383422460407019, 0.007341115735471249, 0.007288914639502764, 0.007230596616864204, 0.0071798330172896385, 0.007051870692521334, 0.006909284740686417, 0.0068659596145153046, 0.006736531388014555, 0.006609534844756126, 0.006566861178725958, 0.00652339169755578, 0.006521325092762709, 0.006408260203897953, 0.006406663917005062, 0.006183966062963009, 0.006164234131574631, 0.006078822538256645, 0.0060132890939712524, 0.005949343089014292, 0.005783353932201862, 0.005715997889637947, 0.0056338123977184296, 0.005584556609392166, 0.0054599326103925705, 0.00533853517845273, 0.005341625772416592, 0.00534350611269474, 0.00528850220143795, 0.005258534569293261, 0.0051822061650455, 0.00516304699704051, 0.005020988639444113, 0.005004702601581812, 0.004990854766219854, 0.004954365082085133], "hpi_res": [92.3536376953125, 94.13452911376953, 95.50379180908203, 96.43900299072266, 97.13634490966797, 97.57776641845703, 97.91783142089844, 98.16090393066406, 98.33201599121094, 98.45500946044922, 98.5550308227539, 98.67469024658203, 98.76646423339844, 98.83038330078125, 98.8824691772461, 98.92807006835938, 98.98690795898438, 99.03125762939453, 99.07056427001953, 99.09707641601562, 99.11522674560547, 99.14060974121094, 99.15875244140625, 99.1740493774414, 99.18754577636719, 99.19942474365234, 99.21527862548828, 99.22723388671875, 99.24590301513672, 99.25345611572266, 99.259033203125, 99.26602935791016, 99.27581024169922, 99.27851867675781, 99.2847900390625, 99.29158020019531, 99.29595947265625, 99.30047607421875, 99.30464172363281, 99.30853271484375, 99.31065368652344, 99.31554412841797, 99.3184814453125, 99.3211898803711, 99.32368469238281, 99.32832336425781, 99.32998657226562, 99.33235168457031, 99.33453369140625, 99.33563995361328, 99.33744049072266, 99.34003448486328, 99.34134674072266, 99.34242248535156, 99.34442901611328, 99.34613800048828, 99.347412109375, 99.34881591796875, 99.35123443603516, 99.35298156738281, 99.35362243652344, 99.35606384277344, 99.35851287841797, 99.35956573486328, 99.36054992675781, 99.36161041259766, 99.3633041381836, 99.3640365600586, 99.36444091796875, 99.3659896850586, 99.36710357666016, 99.36804962158203, 99.36936950683594, 99.37020111083984, 99.3707504272461, 99.37120056152344, 99.37161254882812, 99.3719253540039, 99.37250518798828, 99.37287902832031, 99.37334442138672, 99.373779296875, 99.37427520751953, 99.37474822998047, 99.37567138671875, 99.37623596191406, 99.37687683105469, 99.37706756591797, 99.37776184082031, 99.37799072265625, 99.37837219238281, 99.37873077392578, 99.37934112548828, 99.3800048828125, 99.38063049316406, 99.38096618652344, 99.38138580322266, 99.38156127929688, 99.3816909790039, 99.38206481933594],