{"instance": "3945", "metric": "val_accuracy", "hpo_budget": 100, "num_runs": 1000, "bo": false, "full_res": [86.0856704711914, 91.76017761230469, 94.51624298095703, 95.77609252929688, 96.47053527832031, 96.88994598388672, 97.29918670654297, 97.56034088134766, 97.76869201660156, 97.93392181396484, 98.06462097167969, 98.19922637939453, 98.30400848388672, 98.37674713134766, 98.45801544189453, 98.52559661865234, 98.57501983642578, 98.6318130493164, 98.68107604980469, 98.72062683105469, 98.75382995605469, 98.79525756835938, 98.83058166503906, 98.86053466796875, 98.88861083984375, 98.91049194335938, 98.9381103515625, 98.96253967285156, 98.9832534790039, 98.99989318847656, 99.0118408203125, 99.02953338623047, 99.04273223876953, 99.05409240722656, 99.06564331054688, 99.07686614990234, 99.08732604980469, 99.09834289550781, 99.1091079711914, 99.11796569824219, 99.1309585571289, 99.13997650146484, 99.14629364013672, 99.1528091430664, 99.16121673583984, 99.1705322265625, 99.17750549316406, 99.18470001220703, 99.18889617919922, 99.19593048095703, 99.20223236083984, 99.20758056640625, 99.21297454833984, 99.21676635742188, 99.22154998779297, 99.2255630493164, 99.22989654541016, 99.23235321044922, 99.23885345458984, 99.24504852294922, 99.2471694946289, 99.25431060791016, 99.25743865966797, 99.26243591308594, 99.26776885986328, 99.27181243896484, 99.27745056152344, 99.2801284790039, 99.2820816040039, 99.28470611572266, 99.28909301757812, 99.29399108886719, 99.2955093383789, 99.2964859008789, 99.29717254638672, 99.29866027832031, 99.30081176757812, 99.30593872070312, 99.30860900878906, 99.30968475341797, 99.31123352050781, 99.31361389160156, 99.31640625, 99.3189468383789, 99.3201904296875, 99.3219985961914, 99.3233413696289, 99.32593536376953, 99.32732391357422, 99.3290023803711, 99.32997131347656, 99.3333740234375, 99.33451843261719, 99.3357162475586, 99.33804321289062, 99.33881378173828, 99.33940887451172, 99.3399658203125, 99.34150695800781, 99.34310913085938], "full_std": [0.3423529267311096, 0.22272761166095734, 0.15104596316814423, 0.11259397864341736, 0.09509581327438354, 0.08447971194982529, 0.07266955822706223, 0.06464962661266327, 0.057039253413677216, 0.05066310614347458, 0.0464201457798481, 0.042869262397289276, 0.038316383957862854, 0.035720985382795334, 0.03328661993145943, 0.031040498986840248, 0.029421381652355194, 0.027249651029706, 0.02586447075009346, 0.024189509451389313, 0.023584729060530663, 0.0224738959223032, 0.021268215030431747, 0.02034492790699005, 0.019485360011458397, 0.018952637910842896, 0.018081283196806908, 0.01736120879650116, 0.016678083688020706, 0.016118334606289864, 0.015841301530599594, 0.0152533408254385, 0.014807877130806446, 0.014591348357498646, 0.014347821474075317, 0.014065157622098923, 0.013595166616141796, 0.013348155654966831, 0.01286519318819046, 0.01263147871941328, 0.011767146177589893, 0.011344416067004204, 0.011279426515102386, 0.011193224228918552, 0.010860919952392578, 0.010544877499341965, 0.010219932533800602, 0.00981942005455494, 0.00976046547293663, 0.009556883946061134, 0.009452231228351593, 0.009217681363224983, 0.009058607742190361, 0.008956591598689556, 0.008777512237429619, 0.008695446886122227, 0.00861009955406189, 0.00855871383100748, 0.00836858805269003, 0.008158487267792225, 0.008140888065099716, 0.007717969361692667, 0.007571408525109291, 0.0074211107566952705, 0.007200580555945635, 0.006952821742743254, 0.006793924141675234, 0.006652045529335737, 0.006591907236725092, 0.006491991225630045, 0.00631180964410305, 0.006137600168585777, 0.006117287557572126, 0.006082766689360142, 0.006058108061552048, 0.006001242436468601, 0.005947209428995848, 0.005790570750832558, 0.005690205842256546, 0.005680324975401163, 0.005665983073413372, 0.005617138929665089, 0.005519986152648926, 0.00546795642003417, 0.005457698367536068, 0.0054303379729390144, 0.005423669703304768, 0.005318918265402317, 0.0052853734232485294, 0.005258925724774599, 0.005204371176660061, 0.00502281729131937, 0.005015957169234753, 0.0049661677330732346, 0.004712251480668783, 0.004715935792773962, 0.004711821675300598, 0.00471724197268486, 0.0046823532320559025, 0.0046358234249055386], "hpi_res": [88.88713073730469, 93.59263610839844, 95.87074279785156, 96.85427856445312, 97.39393615722656, 97.75223541259766, 98.06639099121094, 98.25897216796875, 98.3949966430664, 98.52920532226562, 98.62933349609375, 98.71820831298828, 98.80288696289062, 98.86212158203125, 98.91695404052734, 98.95834350585938, 98.99640655517578, 99.03404235839844, 99.0689697265625, 99.08714294433594, 99.11331176757812, 99.13514709472656, 99.15896606445312, 99.17984008789062, 99.1911849975586, 99.20272064208984, 99.21415710449219, 99.2262954711914, 99.23780059814453, 99.2470932006836, 99.25798034667969, 99.26641082763672, 99.27156829833984, 99.2773666381836, 99.28385162353516, 99.2898178100586, 99.29437255859375, 99.2998046875, 99.30947875976562, 99.3132553100586, 99.31770324707031, 99.32198333740234, 99.32331085205078, 99.32598876953125, 99.330810546875, 99.33435821533203, 99.33672332763672, 99.33943939208984, 99.34095001220703, 99.34224700927734, 99.34376525878906, 99.3470458984375, 99.34810638427734, 99.34980773925781, 99.35118865966797, 99.3517837524414, 99.35347747802734, 99.35591125488281, 99.35723114013672, 99.36016845703125, 99.36107635498047, 99.36295318603516, 99.36390686035156, 99.36499786376953, 99.36640930175781, 99.36856079101562, 99.36965942382812, 99.371826171875, 99.37356567382812, 99.3748779296875, 99.37574768066406, 99.37640380859375, 99.37677764892578, 99.37712860107422, 99.37745666503906, 99.37765502929688, 99.3779067993164, 99.37892150878906, 99.37947082519531, 99.37960815429688, 99.37992095947266, 99.38014221191406, 99.38043975830078, 99.38082122802734, 99.38114166259766, 99.38143920898438, 99.38201904296875, 99.38239288330078, 99.38256072998047, 99.38290405273438, 99.3832778930664, 99.38367462158203, 99.38436889648438, 99.38459014892578, 99.3846206665039, 99.38479614257812, 99.38507843017578, 99.38532257080078, 99.38566589355469, 99.38589477539062],