{"instance": "167104", "metric": "val_accuracy", "hpo_budget": 100, "num_runs": 1000, "bo": false, "full_res": [92.3536376953125, 93.75994110107422, 94.88490295410156, 95.74969482421875, 96.39440155029297, 96.85804748535156, 97.22822570800781, 97.50394439697266, 97.71095275878906, 97.85818481445312, 98.00341033935547, 98.15814208984375, 98.26778411865234, 98.3736572265625, 98.44340515136719, 98.51812744140625, 98.5900650024414, 98.64247131347656, 98.70012664794922, 98.74022674560547, 98.77324676513672, 98.81593322753906, 98.84516143798828, 98.87799072265625, 98.89800262451172, 98.91851043701172, 98.94607543945312, 98.95777893066406, 98.98859405517578, 99.007080078125, 99.01737213134766, 99.03121948242188, 99.0433120727539, 99.05767059326172, 99.06776428222656, 99.08617401123047, 99.09575653076172, 99.10557556152344, 99.11146545410156, 99.12289428710938, 99.12985229492188, 99.13907623291016, 99.14586639404297, 99.1505126953125, 99.16246795654297, 99.1670913696289, 99.17098999023438, 99.17850494384766, 99.1842269897461, 99.1899642944336, 99.19258117675781, 99.19857788085938, 99.20425415039062, 99.20870208740234, 99.21609497070312, 99.2203140258789, 99.22591400146484, 99.23133087158203, 99.23643493652344, 99.24053192138672, 99.24446868896484, 99.24763488769531, 99.25222778320312, 99.2562255859375, 99.25950622558594, 99.26239013671875, 99.26494598388672, 99.26754760742188, 99.26927947998047, 99.27233123779297, 99.27598571777344, 99.27749633789062, 99.2812271118164, 99.28445434570312, 99.28601837158203, 99.28866577148438, 99.28915405273438, 99.29142761230469, 99.29305267333984, 99.29668426513672, 99.2983627319336, 99.30045318603516, 99.30244445800781, 99.30467224121094, 99.3082046508789, 99.30944061279297, 99.31151580810547, 99.31373596191406, 99.31524658203125, 99.31743621826172, 99.31903076171875, 99.31986236572266, 99.32186889648438, 99.32321166992188, 99.32636260986328, 99.32810974121094, 99.33101654052734, 99.33245849609375, 99.3341064453125, 99.33554077148438], "full_std": [2.4126265429913474e-07, 0.07167511433362961, 0.08305919170379639, 0.08130941540002823, 0.07639322429895401, 0.06939693540334702, 0.06397344917058945, 0.058430902659893036, 0.05412662401795387, 0.050501417368650436, 0.04698234051465988, 0.04230869933962822, 0.03903933987021446, 0.035578254610300064, 0.03355228900909424, 0.03145803138613701, 0.029403196647763252, 0.02739337831735611, 0.025369854643940926, 0.024616602808237076, 0.02341047301888466, 0.021473094820976257, 0.020651530474424362, 0.019377194344997406, 0.018953729420900345, 0.017956528812646866, 0.017321771010756493, 0.01686546579003334, 0.015625275671482086, 0.014810197055339813, 0.014591735787689686, 0.014164839871227741, 0.013532071374356747, 0.01310667209327221, 0.012953029945492744, 0.01237273495644331, 0.012040036730468273, 0.011827626265585423, 0.0116806048899889, 0.011252546682953835, 0.011042130179703236, 0.010864260606467724, 0.010729205794632435, 0.010588623583316803, 0.010079232044517994, 0.009978938847780228, 0.009919476695358753, 0.009659910574555397, 0.009515192359685898, 0.009378132410347462, 0.009329563938081264, 0.009202342480421066, 0.009051100350916386, 0.008841234259307384, 0.008634774014353752, 0.008544320240616798, 0.008405676111578941, 0.008303198032081127, 0.008153824135661125, 0.008052506484091282, 0.007987205870449543, 0.007880703546106815, 0.007731035817414522, 0.0075360811315476894, 0.007383422460407019, 0.007341115735471249, 0.007288914639502764, 0.007230596616864204, 0.0071798330172896385, 0.007051870692521334, 0.006909284740686417, 0.0068659596145153046, 0.006736531388014555, 0.006609534844756126, 0.006566861178725958, 0.00652339169755578, 0.006521325092762709, 0.006408260203897953, 0.006406663917005062, 0.006183966062963009, 0.006164234131574631, 0.006078822538256645, 0.0060132890939712524, 0.005949343089014292, 0.005783353932201862, 0.005715997889637947, 0.0056338123977184296, 0.005584556609392166, 0.0054599326103925705, 0.00533853517845273, 0.005341625772416592, 0.00534350611269474, 0.00528850220143795, 0.005258534569293261, 0.0051822061650455, 0.00516304699704051, 0.005020988639444113, 0.005004702601581812, 0.004990854766219854, 0.004954365082085133], "hpi_res": [92.3536376953125, 92.43991088867188, 92.51438903808594, 92.59315490722656, 92.64491271972656, 92.68963623046875, 92.74054718017578, 92.78472137451172, 92.81967163085938, 92.8604507446289, 92.89513397216797, 92.922607421875, 92.94380187988281, 92.97138977050781, 92.99394226074219, 93.01592254638672, 93.03478240966797, 93.04720306396484, 93.0596694946289, 93.07521057128906, 93.08431243896484, 93.09690856933594, 93.10591888427734, 93.11723327636719, 93.1217041015625, 93.1300277709961, 93.13737487792969, 93.14199829101562, 93.15170288085938, 93.15618896484375, 93.16165161132812, 93.16658782958984, 93.17105102539062, 93.17353057861328, 93.17851257324219, 93.18250274658203, 93.18575286865234, 93.1899185180664, 93.19388580322266, 93.1988525390625, 93.20344543457031, 93.20663452148438, 93.2098159790039, 93.21263885498047, 93.2168197631836, 93.21862030029297, 93.22229766845703, 93.2252426147461, 93.22818756103516, 93.22978210449219, 93.2317886352539, 93.23429870605469, 93.23612976074219, 93.23826599121094, 93.24066925048828, 93.24227905273438, 93.24420166015625, 93.24610900878906, 93.2478256225586, 93.24960327148438, 93.25119018554688, 93.25312805175781, 93.25435638427734, 93.25534057617188, 93.25574493408203, 93.25630187988281, 93.25728607177734, 93.25816345214844, 93.2598876953125, 93.2606430053711, 93.261962890625, 93.2632827758789, 93.26426696777344, 93.2657241821289, 93.26673889160156, 93.26773071289062, 93.26838684082031, 93.269775390625, 93.2706527709961, 93.27136993408203, 93.27203369140625, 93.27275085449219, 93.27373504638672, 93.27436828613281, 93.275146484375, 93.2762222290039, 93.27709197998047, 93.2776870727539, 93.27849578857422, 93.2788314819336, 93.27965545654297, 93.28007507324219, 93.2811050415039, 93.28215789794922, 93.28297424316406, 93.2837905883789, 93.28455352783203, 93.28543090820312, 93.28599548339844, 93.28662872314453],