{"instance": "167152", "metric": "val_accuracy", "hpo_budget": 100, "num_runs": 30, "bo": true, "full_res": [84.45934295654297, 93.23033142089844, 95.39785766601562, 96.82545471191406, 97.00631713867188, 97.34749603271484, 97.4619140625, 98.10037994384766, 98.14098358154297, 98.14098358154297, 98.14098358154297, 98.19990539550781, 98.25769805908203, 98.30654907226562, 98.40608978271484, 98.57115173339844, 98.57115173339844, 98.76524353027344, 98.79502868652344, 98.91185760498047, 98.91185760498047, 98.9942398071289, 99.01970672607422, 99.08527374267578, 99.09258270263672, 99.09258270263672, 99.14995574951172, 99.19947052001953, 99.23594665527344, 99.2449951171875, 99.26709747314453, 99.30204010009766, 99.3521728515625, 99.35449981689453, 99.36310577392578, 99.37942504882812, 99.38819885253906, 99.3927230834961, 99.39579010009766, 99.39678192138672, 99.39742279052734, 99.4071044921875, 99.4083251953125, 99.41068267822266, 99.412353515625, 99.4159164428711, 99.42642974853516, 99.42839813232422, 99.4295425415039, 99.42970275878906, 99.43667602539062, 99.44335174560547, 99.44747161865234, 99.44954681396484, 99.45555877685547, 99.45555877685547, 99.45707702636719, 99.45963287353516, 99.4728775024414, 99.47467803955078, 99.47606658935547, 99.47742462158203, 99.48194885253906, 99.48674774169922, 99.48828125, 99.49198150634766, 99.49462127685547, 99.49848175048828, 99.5018539428711, 99.502685546875, 99.50643157958984, 99.50679779052734, 99.50679779052734, 99.50679779052734, 99.51083374023438, 99.5130615234375, 99.51358032226562, 99.51448059082031, 99.5161361694336, 99.51630401611328, 99.51774597167969, 99.51783752441406, 99.518798828125, 99.52030181884766, 99.52274322509766, 99.5230941772461, 99.5245361328125, 99.52462768554688, 99.52506256103516, 99.52533721923828, 99.52650451660156, 99.52661895751953, 99.52804565429688, 99.52955627441406, 99.53005981445312, 99.53055572509766, 99.5314712524414, 99.5320053100586, 99.5328369140625, 99.53357696533203], "full_std": [2.2944774627685547, 1.0984312295913696, 0.7526888847351074, 0.4794783890247345, 0.451116144657135, 0.41850948333740234, 0.41863545775413513, 0.25330299139022827, 0.24785353243350983, 0.24785353243350983, 0.24785353243350983, 0.2481871396303177, 0.23302096128463745, 0.21554997563362122, 0.1904170960187912, 0.16311462223529816, 0.16311462223529816, 0.13560427725315094, 0.13511919975280762, 0.09564996510744095, 0.09564996510744095, 0.08109583705663681, 0.0777122750878334, 0.06147758290171623, 0.05870869383215904, 0.05870869383215904, 0.059271953999996185, 0.05499490723013878, 0.05457977578043938, 0.05469188094139099, 0.053790513426065445, 0.04815337061882019, 0.033583369106054306, 0.03290155529975891, 0.033146198838949203, 0.026477975770831108, 0.024932682514190674, 0.022700604051351547, 0.02297600358724594, 0.023003963753581047, 0.022983580827713013, 0.021618710830807686, 0.02180207334458828, 0.02166762202978134, 0.021766941994428635, 0.021392296999692917, 0.016297418624162674, 0.016263434663414955, 0.01633053459227085, 0.0161995030939579, 0.013731274753808975, 0.010642684064805508, 0.010735753923654556, 0.010791931301355362, 0.01063714362680912, 0.01063714362680912, 0.010823200456798077, 0.010997858829796314, 0.010678362101316452, 0.010589328594505787, 0.010632551275193691, 0.010477623902261257, 0.010074237361550331, 0.010086603462696075, 0.010250544175505638, 0.009474911727011204, 0.009729287587106228, 0.009456349536776543, 0.009402700699865818, 0.009467464871704578, 0.007322149816900492, 0.0073309410363435745, 0.0073309410363435745, 0.0073309410363435745, 0.006855233106762171, 0.006404678337275982, 0.006414400413632393, 0.006501948460936546, 0.00619147252291441, 0.006186617072671652, 0.00610063411295414, 0.0061098807491362095, 0.006224968004971743, 0.006306823343038559, 0.006383080035448074, 0.006398932076990604, 0.0062675559893250465, 0.006279793102294207, 0.006311266683042049, 0.006324522662907839, 0.00593583146110177, 0.005921806208789349, 0.00567926000803709, 0.005519656464457512, 0.005591318476945162, 0.00559889804571867, 0.005486337933689356, 0.00544692249968648, 0.005497561302036047, 0.005446445196866989], "hpi_res": [90.44368743896484, 94.86172485351562, 96.58999633789062, 97.10060119628906, 97.57789611816406, 97.71399688720703, 98.00757598876953, 98.26109313964844, 98.31139373779297, 98.31626892089844, 98.40637969970703, 98.444091796875, 98.45987701416016, 98.51599884033203, 98.54474639892578, 98.58280181884766, 98.58672332763672, 98.58806610107422, 98.58829498291016, 98.59732055664062, 98.59732055664062, 98.60026550292969, 98.60163116455078, 98.6062240600586, 98.60688018798828, 98.60807800292969, 98.6092529296875, 98.6097640991211, 98.60977935791016, 98.61998748779297, 98.62637329101562, 98.62796783447266, 98.62895202636719, 98.62897491455078, 98.62902069091797, 98.62904357910156, 98.62909698486328, 98.63658142089844, 98.63784790039062, 98.63802337646484, 98.63890075683594, 98.63908386230469, 98.63920593261719, 98.63922882080078, 98.63927459716797, 98.639892578125, 98.63993072509766, 98.64008331298828, 98.64009094238281, 98.6401138305664, 98.64012908935547, 98.64012908935547, 98.64014434814453, 98.64024353027344, 98.64026641845703, 98.64026641845703, 98.64026641845703, 98.64026641845703, 98.64026641845703, 98.6402816772461, 98.64029693603516, 98.64051818847656, 98.64053344726562, 98.64055633544922, 98.64055633544922, 98.64055633544922, 98.64055633544922, 98.64057922363281, 98.64058685302734, 98.64059448242188, 98.64069366455078, 98.64069366455078, 98.64069366455078, 98.64069366455078, 98.64069366455078, 98.64069366455078, 98.64069366455078, 98.64069366455078, 98.64069366455078, 98.64070129394531, 98.64070129394531, 98.64070129394531, 98.64070892333984, 98.64070892333984, 98.64070892333984, 98.6407241821289, 98.64073181152344, 98.64073181152344, 98.64073181152344, 98.64073181152344, 98.64073944091797, 98.64073944091797, 98.64073944091797, 98.64073944091797, 98.64073944091797, 98.64076232910156, 98.64076232910156, 98.64076232910156, 98.64076232910156, 98.64076232910156],