{"instance": "167161", "metric": "val_accuracy", "hpo_budget": 100, "num_runs": 1000, "bo": false, "full_res": [92.3536376953125, 93.75994110107422, 94.88490295410156, 95.74969482421875, 96.39440155029297, 96.85804748535156, 97.22822570800781, 97.50394439697266, 97.71095275878906, 97.85818481445312, 98.00341033935547, 98.15814208984375, 98.26778411865234, 98.3736572265625, 98.44340515136719, 98.51812744140625, 98.5900650024414, 98.64247131347656, 98.70012664794922, 98.74022674560547, 98.77324676513672, 98.81593322753906, 98.84516143798828, 98.87799072265625, 98.89800262451172, 98.91851043701172, 98.94607543945312, 98.95777893066406, 98.98859405517578, 99.007080078125, 99.01737213134766, 99.03121948242188, 99.0433120727539, 99.05767059326172, 99.06776428222656, 99.08617401123047, 99.09575653076172, 99.10557556152344, 99.11146545410156, 99.12289428710938, 99.12985229492188, 99.13907623291016, 99.14586639404297, 99.1505126953125, 99.16246795654297, 99.1670913696289, 99.17098999023438, 99.17850494384766, 99.1842269897461, 99.1899642944336, 99.19258117675781, 99.19857788085938, 99.20425415039062, 99.20870208740234, 99.21609497070312, 99.2203140258789, 99.22591400146484, 99.23133087158203, 99.23643493652344, 99.24053192138672, 99.24446868896484, 99.24763488769531, 99.25222778320312, 99.2562255859375, 99.25950622558594, 99.26239013671875, 99.26494598388672, 99.26754760742188, 99.26927947998047, 99.27233123779297, 99.27598571777344, 99.27749633789062, 99.2812271118164, 99.28445434570312, 99.28601837158203, 99.28866577148438, 99.28915405273438, 99.29142761230469, 99.29305267333984, 99.29668426513672, 99.2983627319336, 99.30045318603516, 99.30244445800781, 99.30467224121094, 99.3082046508789, 99.30944061279297, 99.31151580810547, 99.31373596191406, 99.31524658203125, 99.31743621826172, 99.31903076171875, 99.31986236572266, 99.32186889648438, 99.32321166992188, 99.32636260986328, 99.32810974121094, 99.33101654052734, 99.33245849609375, 99.3341064453125, 99.33554077148438], "full_std": [2.4126265429913474e-07, 0.07167511433362961, 0.08305919170379639, 0.08130941540002823, 0.07639322429895401, 0.06939693540334702, 0.06397344917058945, 0.058430902659893036, 0.05412662401795387, 0.050501417368650436, 0.04698234051465988, 0.04230869933962822, 0.03903933987021446, 0.035578254610300064, 0.03355228900909424, 0.03145803138613701, 0.029403196647763252, 0.02739337831735611, 0.025369854643940926, 0.024616602808237076, 0.02341047301888466, 0.021473094820976257, 0.020651530474424362, 0.019377194344997406, 0.018953729420900345, 0.017956528812646866, 0.017321771010756493, 0.01686546579003334, 0.015625275671482086, 0.014810197055339813, 0.014591735787689686, 0.014164839871227741, 0.013532071374356747, 0.01310667209327221, 0.012953029945492744, 0.01237273495644331, 0.012040036730468273, 0.011827626265585423, 0.0116806048899889, 0.011252546682953835, 0.011042130179703236, 0.010864260606467724, 0.010729205794632435, 0.010588623583316803, 0.010079232044517994, 0.009978938847780228, 0.009919476695358753, 0.009659910574555397, 0.009515192359685898, 0.009378132410347462, 0.009329563938081264, 0.009202342480421066, 0.009051100350916386, 0.008841234259307384, 0.008634774014353752, 0.008544320240616798, 0.008405676111578941, 0.008303198032081127, 0.008153824135661125, 0.008052506484091282, 0.007987205870449543, 0.007880703546106815, 0.007731035817414522, 0.0075360811315476894, 0.007383422460407019, 0.007341115735471249, 0.007288914639502764, 0.007230596616864204, 0.0071798330172896385, 0.007051870692521334, 0.006909284740686417, 0.0068659596145153046, 0.006736531388014555, 0.006609534844756126, 0.006566861178725958, 0.00652339169755578, 0.006521325092762709, 0.006408260203897953, 0.006406663917005062, 0.006183966062963009, 0.006164234131574631, 0.006078822538256645, 0.0060132890939712524, 0.005949343089014292, 0.005783353932201862, 0.005715997889637947, 0.0056338123977184296, 0.005584556609392166, 0.0054599326103925705, 0.00533853517845273, 0.005341625772416592, 0.00534350611269474, 0.00528850220143795, 0.005258534569293261, 0.0051822061650455, 0.00516304699704051, 0.005020988639444113, 0.005004702601581812, 0.004990854766219854, 0.004954365082085133], "hpi_res": [92.3536376953125, 93.54306030273438, 94.4299087524414, 94.97025299072266, 95.3329086303711, 95.57775115966797, 95.7346420288086, 95.87055969238281, 95.94940948486328, 96.0125961303711, 96.0705795288086, 96.11647033691406, 96.14814758300781, 96.17884063720703, 96.21076202392578, 96.2322006225586, 96.24931335449219, 96.27006530761719, 96.28412628173828, 96.29850006103516, 96.31561279296875, 96.32677459716797, 96.33831024169922, 96.34654235839844, 96.35414123535156, 96.36335754394531, 96.37215423583984, 96.37920379638672, 96.38452911376953, 96.3895492553711, 96.39562225341797, 96.40101623535156, 96.40724182128906, 96.41314697265625, 96.41903686523438, 96.42393493652344, 96.42831420898438, 96.43155670166016, 96.43537139892578, 96.43861389160156, 96.44108581542969, 96.44405364990234, 96.4464340209961, 96.44914245605469, 96.45130920410156, 96.45305633544922, 96.45588684082031, 96.4578628540039, 96.46260833740234, 96.46508026123047, 96.46736145019531, 96.46858215332031, 96.47100830078125, 96.47247314453125, 96.47518920898438, 96.4766845703125, 96.47789764404297, 96.47981262207031, 96.48187255859375, 96.48321533203125, 96.48512268066406, 96.48661041259766, 96.48868560791016, 96.49079895019531, 96.49310302734375, 96.49430847167969, 96.4956283569336, 96.49695587158203, 96.49864959716797, 96.49991607666016, 96.5013198852539, 96.50311279296875, 96.50398254394531, 96.50491333007812, 96.50643920898438, 96.50778198242188, 96.50819396972656, 96.5083999633789, 96.50950622558594, 96.50984191894531, 96.51067352294922, 96.51225280761719, 96.51386260986328, 96.51532745361328, 96.51614379882812, 96.51734924316406, 96.51798248291016, 96.51841735839844, 96.51978302001953, 96.52013397216797, 96.52083587646484, 96.52210235595703, 96.52301025390625, 96.52418518066406, 96.52478790283203, 96.52589416503906, 96.52631378173828, 96.5270004272461, 96.52787017822266, 96.52915954589844],