{"instance": "167104", "metric": "val_accuracy", "hpo_budget": 100, "num_runs": 30, "bo": true, "full_res": [84.45934295654297, 93.23033142089844, 95.39785766601562, 96.82545471191406, 97.00631713867188, 97.34749603271484, 97.4619140625, 98.10037994384766, 98.14098358154297, 98.14098358154297, 98.14098358154297, 98.19990539550781, 98.25769805908203, 98.30654907226562, 98.40608978271484, 98.57115173339844, 98.57115173339844, 98.76524353027344, 98.79502868652344, 98.91185760498047, 98.91185760498047, 98.9942398071289, 99.01970672607422, 99.08527374267578, 99.09258270263672, 99.09258270263672, 99.14995574951172, 99.19947052001953, 99.23594665527344, 99.2449951171875, 99.26709747314453, 99.30204010009766, 99.3521728515625, 99.35449981689453, 99.36310577392578, 99.37942504882812, 99.38819885253906, 99.3927230834961, 99.39579010009766, 99.39678192138672, 99.39742279052734, 99.4071044921875, 99.4083251953125, 99.41068267822266, 99.412353515625, 99.4159164428711, 99.42642974853516, 99.42839813232422, 99.4295425415039, 99.42970275878906, 99.43667602539062, 99.44335174560547, 99.44747161865234, 99.44954681396484, 99.45555877685547, 99.45555877685547, 99.45707702636719, 99.45963287353516, 99.4728775024414, 99.47467803955078, 99.47606658935547, 99.47742462158203, 99.48194885253906, 99.48674774169922, 99.48828125, 99.49198150634766, 99.49462127685547, 99.49848175048828, 99.5018539428711, 99.502685546875, 99.50643157958984, 99.50679779052734, 99.50679779052734, 99.50679779052734, 99.51083374023438, 99.5130615234375, 99.51358032226562, 99.51448059082031, 99.5161361694336, 99.51630401611328, 99.51774597167969, 99.51783752441406, 99.518798828125, 99.52030181884766, 99.52274322509766, 99.5230941772461, 99.5245361328125, 99.52462768554688, 99.52506256103516, 99.52533721923828, 99.52650451660156, 99.52661895751953, 99.52804565429688, 99.52955627441406, 99.53005981445312, 99.53055572509766, 99.5314712524414, 99.5320053100586, 99.5328369140625, 99.53357696533203], "full_std": [2.2944774627685547, 1.0984312295913696, 0.7526888847351074, 0.4794783890247345, 0.451116144657135, 0.41850948333740234, 0.41863545775413513, 0.25330299139022827, 0.24785353243350983, 0.24785353243350983, 0.24785353243350983, 0.2481871396303177, 0.23302096128463745, 0.21554997563362122, 0.1904170960187912, 0.16311462223529816, 0.16311462223529816, 0.13560427725315094, 0.13511919975280762, 0.09564996510744095, 0.09564996510744095, 0.08109583705663681, 0.0777122750878334, 0.06147758290171623, 0.05870869383215904, 0.05870869383215904, 0.059271953999996185, 0.05499490723013878, 0.05457977578043938, 0.05469188094139099, 0.053790513426065445, 0.04815337061882019, 0.033583369106054306, 0.03290155529975891, 0.033146198838949203, 0.026477975770831108, 0.024932682514190674, 0.022700604051351547, 0.02297600358724594, 0.023003963753581047, 0.022983580827713013, 0.021618710830807686, 0.02180207334458828, 0.02166762202978134, 0.021766941994428635, 0.021392296999692917, 0.016297418624162674, 0.016263434663414955, 0.01633053459227085, 0.0161995030939579, 0.013731274753808975, 0.010642684064805508, 0.010735753923654556, 0.010791931301355362, 0.01063714362680912, 0.01063714362680912, 0.010823200456798077, 0.010997858829796314, 0.010678362101316452, 0.010589328594505787, 0.010632551275193691, 0.010477623902261257, 0.010074237361550331, 0.010086603462696075, 0.010250544175505638, 0.009474911727011204, 0.009729287587106228, 0.009456349536776543, 0.009402700699865818, 0.009467464871704578, 0.007322149816900492, 0.0073309410363435745, 0.0073309410363435745, 0.0073309410363435745, 0.006855233106762171, 0.006404678337275982, 0.006414400413632393, 0.006501948460936546, 0.00619147252291441, 0.006186617072671652, 0.00610063411295414, 0.0061098807491362095, 0.006224968004971743, 0.006306823343038559, 0.006383080035448074, 0.006398932076990604, 0.0062675559893250465, 0.006279793102294207, 0.006311266683042049, 0.006324522662907839, 0.00593583146110177, 0.005921806208789349, 0.00567926000803709, 0.005519656464457512, 0.005591318476945162, 0.00559889804571867, 0.005486337933689356, 0.00544692249968648, 0.005497561302036047, 0.005446445196866989], "hpi_res": [88.8411865234375, 91.16030883789062, 91.68791961669922, 92.32664489746094, 92.43949127197266, 92.67276000976562, 92.72992706298828, 92.88053894042969, 92.89624786376953, 92.96074676513672, 92.9769287109375, 93.01953887939453, 93.02741241455078, 93.02741241455078, 93.03144073486328, 93.0611572265625, 93.0611572265625, 93.0684814453125, 93.06884002685547, 93.0794448852539, 93.0794448852539, 93.12041473388672, 93.13793182373047, 93.1413803100586, 93.14662170410156, 93.14714050292969, 93.15060424804688, 93.15156555175781, 93.15211486816406, 93.18124389648438, 93.18465423583984, 93.1889877319336, 93.18928527832031, 93.20066833496094, 93.20083618164062, 93.20083618164062, 93.20172882080078, 93.22355651855469, 93.22882843017578, 93.23202514648438, 93.23979949951172, 93.24039459228516, 93.24219512939453, 93.24219512939453, 93.25000762939453, 93.26422882080078, 93.27001190185547, 93.27055358886719, 93.27096557617188, 93.2711181640625, 93.27136993408203, 93.27156066894531, 93.27205657958984, 93.2786636352539, 93.2796859741211, 93.28064727783203, 93.28064727783203, 93.28069305419922, 93.28234100341797, 93.28234100341797, 93.28234100341797, 93.2866439819336, 93.2899398803711, 93.29476165771484, 93.29552459716797, 93.29692840576172, 93.2981185913086, 93.30911254882812, 93.31307983398438, 93.3170166015625, 93.31848907470703, 93.3189468383789, 93.31932830810547, 93.31937408447266, 93.3197021484375, 93.32018280029297, 93.3201904296875, 93.32386779785156, 93.32498931884766, 93.32685089111328, 93.32688903808594, 93.32705688476562, 93.32727813720703, 93.32727813720703, 93.32727813720703, 93.33194732666016, 93.33273315429688, 93.33349609375, 93.3340072631836, 93.33442687988281, 93.33445739746094, 93.33452606201172, 93.33452606201172, 93.33794403076172, 93.33963775634766, 93.34046173095703, 93.3404769897461, 93.34053802490234, 93.3406753540039, 93.34111785888672],