{"instance": "7593", "metric": "val_accuracy", "hpo_budget": 100, "num_runs": 1000, "bo": false, "full_res": [52.96527099609375, 58.11265563964844, 60.41825485229492, 61.699832916259766, 62.58097839355469, 63.33671188354492, 63.85279846191406, 64.2740249633789, 64.66555786132812, 65.02976989746094, 65.34696960449219, 65.71467590332031, 66.06840515136719, 66.34937286376953, 66.5229721069336, 66.70990753173828, 66.88069152832031, 67.1625747680664, 67.34788513183594, 67.5137939453125, 67.66407012939453, 67.84900665283203, 67.96875762939453, 68.13859558105469, 68.29959106445312, 68.39926147460938, 68.56230926513672, 68.66815948486328, 68.7445297241211, 68.84249877929688, 68.93840026855469, 69.05938720703125, 69.18458557128906, 69.29239654541016, 69.41512298583984, 69.51917266845703, 69.6424789428711, 69.71209716796875, 69.81607818603516, 69.91419982910156, 69.96509552001953, 70.00965881347656, 70.08934020996094, 70.1583480834961, 70.26483917236328, 70.32183837890625, 70.37382507324219, 70.42454528808594, 70.49465942382812, 70.55611419677734, 70.62380981445312, 70.71720123291016, 70.79158020019531, 70.86978149414062, 70.92801666259766, 70.96794128417969, 71.04606628417969, 71.083251953125, 71.1387939453125, 71.18429565429688, 71.24584197998047, 71.29253387451172, 71.33626556396484, 71.39573669433594, 71.4269027709961, 71.45071411132812, 71.49559020996094, 71.54353332519531, 71.61934661865234, 71.6438980102539, 71.66829681396484, 71.72187805175781, 71.74175262451172, 71.76958465576172, 71.81818389892578, 71.85395050048828, 71.9111557006836, 71.94857788085938, 71.9899673461914, 72.02774810791016, 72.03877258300781, 72.09567260742188, 72.10484313964844, 72.122314453125, 72.14024353027344, 72.17406463623047, 72.22225189208984, 72.24381256103516, 72.26798248291016, 72.31768035888672, 72.3712387084961, 72.3914566040039, 72.40319061279297, 72.44174194335938, 72.47305297851562, 72.50436401367188, 72.560546875, 72.59484100341797, 72.64881134033203, 72.66890716552734], "full_std": [0.34062594175338745, 0.20499058067798615, 0.16114278137683868, 0.15517938137054443, 0.1487094759941101, 0.14551757276058197, 0.14483171701431274, 0.14228983223438263, 0.14055781066417694, 0.13891670107841492, 0.13780009746551514, 0.13554072380065918, 0.13571009039878845, 0.13299113512039185, 0.13108719885349274, 0.12854968011379242, 0.12693606317043304, 0.12682442367076874, 0.12595637142658234, 0.12615084648132324, 0.12617610394954681, 0.12569324672222137, 0.12620361149311066, 0.1255149245262146, 0.12363556027412415, 0.12320345640182495, 0.12336792796850204, 0.12199167162179947, 0.12195944041013718, 0.12171756476163864, 0.12135939300060272, 0.12147340923547745, 0.12094589322805405, 0.12068601697683334, 0.11990717053413391, 0.1203373372554779, 0.12012831121683121, 0.1193920373916626, 0.11813081055879593, 0.11798200756311417, 0.11799436062574387, 0.11775132268667221, 0.11710205674171448, 0.11673414707183838, 0.11682768166065216, 0.11626770347356796, 0.11609926074743271, 0.11566022038459778, 0.11592245101928711, 0.11606477200984955, 0.11459816992282867, 0.1140705943107605, 0.1135866641998291, 0.11282406747341156, 0.11193771660327911, 0.11206763982772827, 0.11163569241762161, 0.11149363964796066, 0.1108878031373024, 0.11106701195240021, 0.10998667031526566, 0.10939658433198929, 0.1092945784330368, 0.10878148674964905, 0.10856951773166656, 0.10839555412530899, 0.10808756202459335, 0.10733916610479355, 0.10720381140708923, 0.10688071697950363, 0.10669609159231186, 0.10620231181383133, 0.10600342601537704, 0.10560321062803268, 0.10553993284702301, 0.1051492989063263, 0.10430969297885895, 0.10343440622091293, 0.1029399186372757, 0.10274459421634674, 0.1025627925992012, 0.10349343717098236, 0.10336709022521973, 0.10307422280311584, 0.1027924120426178, 0.10270009189844131, 0.10277958959341049, 0.10276791453361511, 0.10240719467401505, 0.10204287618398666, 0.1014179065823555, 0.10111705958843231, 0.1009756475687027, 0.10046751797199249, 0.09988904744386673, 0.09922677278518677, 0.09887754172086716, 0.0979008823633194, 0.0979188084602356, 0.097860187292099], "hpi_res": [56.596519470214844, 59.759063720703125, 61.43272399902344, 62.35721969604492, 62.92302322387695, 63.41330337524414, 63.684810638427734, 63.94833755493164, 64.16848754882812, 64.37165069580078, 64.58390045166016, 64.7989273071289, 64.97254180908203, 65.12494659423828, 65.24085998535156, 65.35215759277344, 65.4631576538086, 65.58332061767578, 65.69965362548828, 65.80162048339844, 65.88353729248047, 65.9557113647461, 66.01973724365234, 66.13436889648438, 66.2150650024414, 66.30687713623047, 66.46333312988281, 66.52725982666016, 66.62715911865234, 66.71487426757812, 66.76985931396484, 66.83004760742188, 66.90513610839844, 66.95536041259766, 67.01747131347656, 67.077880859375, 67.15879821777344, 67.23118591308594, 67.31123352050781, 67.38372039794922, 67.44944763183594, 67.48780822753906, 67.54730224609375, 67.58128356933594, 67.642578125, 67.68462371826172, 67.72223663330078, 67.76213836669922, 67.79686737060547, 67.8323745727539, 67.85271453857422, 67.88905334472656, 67.91865539550781, 67.98094940185547, 68.01229858398438, 68.03197479248047, 68.06676483154297, 68.0991439819336, 68.12776184082031, 68.14690399169922, 68.18253326416016, 68.21912384033203, 68.24483489990234, 68.2757568359375, 68.29390716552734, 68.31959533691406, 68.35694885253906, 68.39742279052734, 68.42588806152344, 68.4525146484375, 68.47782897949219, 68.5115966796875, 68.53646087646484, 68.5654296875, 68.59160614013672, 68.61072540283203, 68.63032531738281, 68.64881134033203, 68.68423461914062, 68.71192169189453, 68.72224426269531, 68.75907897949219, 68.77584075927734, 68.79072570800781, 68.8125, 68.83963775634766, 68.85751342773438, 68.87718963623047, 68.89128875732422, 68.91104125976562, 68.93734741210938, 68.94859313964844, 68.96981048583984, 68.99063110351562, 69.0078125, 69.03087615966797, 69.05187225341797, 69.07038879394531, 69.10330200195312, 69.12012481689453],