{"instance": "7593", "metric": "val_accuracy", "hpo_budget": 100, "num_runs": 30, "bo": true, "full_res": [53.395992279052734, 59.453128814697266, 61.639225006103516, 63.68244552612305, 63.68244552612305, 64.61801147460938, 65.2047348022461, 65.53948974609375, 65.87084197998047, 65.95194244384766, 65.97980499267578, 66.23292541503906, 66.53168487548828, 66.97771453857422, 67.04784393310547, 67.26312255859375, 67.48897552490234, 67.92274475097656, 68.22228240966797, 68.45634460449219, 68.45634460449219, 68.45634460449219, 68.46964263916016, 68.5472183227539, 68.5472183227539, 68.5472183227539, 69.91118621826172, 70.89498138427734, 71.42575073242188, 71.63372039794922, 72.18895721435547, 72.85625457763672, 73.21666717529297, 73.30509185791016, 74.70106506347656, 75.11581420898438, 75.95382690429688, 76.19962310791016, 76.52345275878906, 76.65666198730469, 76.81779479980469, 76.93929290771484, 77.45301055908203, 77.71285247802734, 78.09526824951172, 78.09526824951172, 78.2877197265625, 78.2877197265625, 78.34461975097656, 78.38211822509766, 78.54893493652344, 78.66876983642578, 78.88560485839844, 79.22084045410156, 79.39527893066406, 79.39527893066406, 79.39579010009766, 79.39579010009766, 79.93384552001953, 80.40257263183594, 80.69966125488281, 81.2882080078125, 81.29238891601562, 81.35389709472656, 81.42498016357422, 81.45938873291016, 81.70453643798828, 81.80757904052734, 81.8648681640625, 81.90097045898438, 82.02835083007812, 82.12384796142578, 82.19229125976562, 82.25257873535156, 82.52262115478516, 82.6091079711914, 82.6667709350586, 82.67446899414062, 82.73517608642578, 82.90414428710938, 83.11579132080078, 83.11579132080078, 83.12586212158203, 83.14987182617188, 83.20358276367188, 83.35771179199219, 83.42313385009766, 83.42538452148438, 83.42538452148438, 83.42538452148438, 83.5516128540039, 83.6852035522461, 83.76264190673828, 83.95729064941406, 84.02711486816406, 84.18126678466797, 84.19031524658203, 84.25349426269531, 84.34242248535156, 84.38967895507812], "full_std": [2.3720619678497314, 0.9027097225189209, 0.9200788140296936, 0.7686898708343506, 0.7686898708343506, 0.6931679844856262, 0.6768513917922974, 0.6331446766853333, 0.6765966415405273, 0.6739533543586731, 0.6696025133132935, 0.6339022517204285, 0.5822358131408691, 0.5765940546989441, 0.5585029721260071, 0.5322816967964172, 0.570966899394989, 0.5545374751091003, 0.5543814897537231, 0.5402173399925232, 0.5402173399925232, 0.5402173399925232, 0.5388625264167786, 0.5133084058761597, 0.5133084058761597, 0.5133084058761597, 0.6554549336433411, 0.7346733212471008, 0.772172749042511, 0.7854132056236267, 0.7902670502662659, 0.7350154519081116, 0.7547455430030823, 0.7408741116523743, 0.7606960535049438, 0.7420790195465088, 0.8153518438339233, 0.8079595565795898, 0.7949101328849792, 0.7513867020606995, 0.7387668490409851, 0.7231166362762451, 0.6822265386581421, 0.6227094531059265, 0.6741074919700623, 0.6741074919700623, 0.655653715133667, 0.655653715133667, 0.6525390148162842, 0.6551035642623901, 0.6784822344779968, 0.6825546622276306, 0.6567422151565552, 0.6716547608375549, 0.6703876256942749, 0.6703876256942749, 0.6703637838363647, 0.6703637838363647, 0.5595582723617554, 0.5508862137794495, 0.5474865436553955, 0.5377726554870605, 0.5374934673309326, 0.5379433631896973, 0.5421982407569885, 0.534846305847168, 0.5511237978935242, 0.5589598417282104, 0.5684160590171814, 0.5664458870887756, 0.5888804793357849, 0.5766618847846985, 0.566925048828125, 0.5761696100234985, 0.5422434210777283, 0.5441371202468872, 0.5357246398925781, 0.5337614417076111, 0.5295751690864563, 0.5231974720954895, 0.529184103012085, 0.529184103012085, 0.5320227146148682, 0.5311465263366699, 0.5303269028663635, 0.5153681635856628, 0.518114447593689, 0.518265426158905, 0.518265426158905, 0.518265426158905, 0.5155228972434998, 0.5131183862686157, 0.5057860612869263, 0.4669148027896881, 0.4679983854293823, 0.43141722679138184, 0.4311777353286743, 0.4295941889286041, 0.42475655674934387, 0.422577440738678], "hpi_res": [55.13119888305664, 60.266883850097656, 61.3877067565918, 62.99666213989258, 63.10482406616211, 63.7464599609375, 63.78666305541992, 64.66856384277344, 64.67264556884766, 65.20540618896484, 65.31155395507812, 65.63742065429688, 65.79124450683594, 65.87700653076172, 66.18168640136719, 66.31649780273438, 66.31649780273438, 66.31649780273438, 66.31649780273438, 66.56130981445312, 66.56130981445312, 67.70081329345703, 68.05833435058594, 68.49839782714844, 68.76182556152344, 68.82108306884766, 69.26498413085938, 69.40319061279297, 69.48429870605469, 69.83113098144531, 70.30648803710938, 70.5763931274414, 70.6351318359375, 70.698974609375, 70.7616195678711, 70.79067993164062, 70.85537719726562, 71.27620697021484, 71.48240661621094, 71.67408752441406, 71.86548614501953, 72.27322387695312, 72.30986022949219, 72.35956573486328, 72.55473327636719, 72.87022399902344, 73.18679809570312, 73.21096801757812, 73.24591827392578, 73.43983459472656, 73.44713592529297, 73.45592498779297, 73.45592498779297, 73.73957824707031, 73.93391418457031, 74.03424835205078, 74.11656188964844, 74.19226837158203, 74.1966323852539, 74.2996826171875, 74.35624694824219, 74.44508361816406, 74.62045288085938, 74.65554809570312, 74.76156616210938, 74.78215026855469, 74.78892517089844, 74.82146453857422, 74.94242858886719, 75.04093933105469, 75.13603973388672, 75.2006607055664, 75.22428894042969, 75.24430084228516, 75.27606964111328, 75.27606964111328, 75.27606964111328, 75.54576873779297, 75.59172058105469, 75.61327362060547, 75.63475799560547, 75.63475799560547, 75.64325714111328, 75.64325714111328, 75.67557525634766, 75.74724578857422, 75.76716613769531, 75.79707336425781, 75.87230682373047, 75.88097381591797, 75.88125610351562, 75.88125610351562, 75.88125610351562, 75.90499877929688, 75.91968536376953, 75.91968536376953, 75.9197006225586, 75.9197006225586, 75.9197006225586, 75.9197006225586], "hpi_std": [1.146141529083252, 0.5330475568771362, 0.5819286704063416, 0.42671123147010803, 0.42510300874710083, 0.468243271112442, 0.46694907546043396, 0.41936612129211426, 0.41923806071281433, 0.4538348317146301, 0.44171056151390076, 0.4548278748989105, 0.4605531096458435, 0.44808229804039, 0.39647796750068665, 0.3740832805633545, 0.3740832805633545, 0.3740832805633545, 0.3740832805633545, 0.3550466001033783, 0.3550466001033783, 0.43602466583251953, 0.436236172914505, 0.46069708466529846, 0.48050710558891296, 0.483344167470932, 0.49210768938064575, 0.4928364157676697, 0.5020412802696228, 0.5212935209274292, 0.5619093179702759, 0.5263032913208008, 0.5336030721664429, 0.5311581492424011, 0.5304550528526306, 0.5230334401130676, 0.5338211059570312, 0.5089362263679504, 0.48556140065193176, 0.471643328666687, 0.46397721767425537, 0.38635170459747314, 0.3842441141605377, 0.38279348611831665, 0.3355464041233063, 0.3546854555606842, 0.36712905764579773, 0.3647872805595398, 0.3680848777294159, 0.3272674083709717, 0.3265799880027771, 0.327796071767807, 0.327796071767807, 0.2962017059326172, 0.27942758798599243, 0.2890602648258209, 0.2847943902015686, 0.28960174322128296, 0.2881813943386078, 0.25401854515075684, 0.25614646077156067, 0.24792355298995972, 0.2409399449825287, 0.24034100770950317, 0.2329326868057251, 0.22765526175498962, 0.22538678348064423, 0.22486461699008942, 0.20433305203914642, 0.1962149292230606, 0.18622781336307526, 0.16682907938957214, 0.16898176074028015, 0.16587765514850616, 0.15375228226184845, 0.15375228226184845, 0.15375228226184845, 0.11600876599550247, 0.10519861429929733, 0.10582897067070007, 0.10206528007984161, 0.10206528007984161, 0.10130006074905396, 0.10130006074905396, 0.09261190891265869, 0.0942821204662323, 0.08969296514987946, 0.07621379941701889, 0.04373624920845032, 0.04215477779507637, 0.04207528382539749, 0.04207528382539749, 0.04207528382539749, 0.04144975543022156, 0.04019365459680557, 0.04019365459680557, 0.04019232094287872, 0.04019232094287872, 0.04019232094287872, 0.04019232094287872]}