{"instance": "167149", "metric": "val_accuracy", "hpo_budget": 100, "num_runs": 30, "bo": true, "full_res": [84.45934295654297, 93.23033142089844, 95.39785766601562, 96.82545471191406, 97.00631713867188, 97.34749603271484, 97.4619140625, 98.10037994384766, 98.14098358154297, 98.14098358154297, 98.14098358154297, 98.19990539550781, 98.25769805908203, 98.30654907226562, 98.40608978271484, 98.57115173339844, 98.57115173339844, 98.76524353027344, 98.79502868652344, 98.91185760498047, 98.91185760498047, 98.9942398071289, 99.01970672607422, 99.08527374267578, 99.09258270263672, 99.09258270263672, 99.14995574951172, 99.19947052001953, 99.23594665527344, 99.2449951171875, 99.26709747314453, 99.30204010009766, 99.3521728515625, 99.35449981689453, 99.36310577392578, 99.37942504882812, 99.38819885253906, 99.3927230834961, 99.39579010009766, 99.39678192138672, 99.39742279052734, 99.4071044921875, 99.4083251953125, 99.41068267822266, 99.412353515625, 99.4159164428711, 99.42642974853516, 99.42839813232422, 99.4295425415039, 99.42970275878906, 99.43667602539062, 99.44335174560547, 99.44747161865234, 99.44954681396484, 99.45555877685547, 99.45555877685547, 99.45707702636719, 99.45963287353516, 99.4728775024414, 99.47467803955078, 99.47606658935547, 99.47742462158203, 99.48194885253906, 99.48674774169922, 99.48828125, 99.49198150634766, 99.49462127685547, 99.49848175048828, 99.5018539428711, 99.502685546875, 99.50643157958984, 99.50679779052734, 99.50679779052734, 99.50679779052734, 99.51083374023438, 99.5130615234375, 99.51358032226562, 99.51448059082031, 99.5161361694336, 99.51630401611328, 99.51774597167969, 99.51783752441406, 99.518798828125, 99.52030181884766, 99.52274322509766, 99.5230941772461, 99.5245361328125, 99.52462768554688, 99.52506256103516, 99.52533721923828, 99.52650451660156, 99.52661895751953, 99.52804565429688, 99.52955627441406, 99.53005981445312, 99.53055572509766, 99.5314712524414, 99.5320053100586, 99.5328369140625, 99.53357696533203], "full_std": [2.2944774627685547, 1.0984312295913696, 0.7526888847351074, 0.4794783890247345, 0.451116144657135, 0.41850948333740234, 0.41863545775413513, 0.25330299139022827, 0.24785353243350983, 0.24785353243350983, 0.24785353243350983, 0.2481871396303177, 0.23302096128463745, 0.21554997563362122, 0.1904170960187912, 0.16311462223529816, 0.16311462223529816, 0.13560427725315094, 0.13511919975280762, 0.09564996510744095, 0.09564996510744095, 0.08109583705663681, 0.0777122750878334, 0.06147758290171623, 0.05870869383215904, 0.05870869383215904, 0.059271953999996185, 0.05499490723013878, 0.05457977578043938, 0.05469188094139099, 0.053790513426065445, 0.04815337061882019, 0.033583369106054306, 0.03290155529975891, 0.033146198838949203, 0.026477975770831108, 0.024932682514190674, 0.022700604051351547, 0.02297600358724594, 0.023003963753581047, 0.022983580827713013, 0.021618710830807686, 0.02180207334458828, 0.02166762202978134, 0.021766941994428635, 0.021392296999692917, 0.016297418624162674, 0.016263434663414955, 0.01633053459227085, 0.0161995030939579, 0.013731274753808975, 0.010642684064805508, 0.010735753923654556, 0.010791931301355362, 0.01063714362680912, 0.01063714362680912, 0.010823200456798077, 0.010997858829796314, 0.010678362101316452, 0.010589328594505787, 0.010632551275193691, 0.010477623902261257, 0.010074237361550331, 0.010086603462696075, 0.010250544175505638, 0.009474911727011204, 0.009729287587106228, 0.009456349536776543, 0.009402700699865818, 0.009467464871704578, 0.007322149816900492, 0.0073309410363435745, 0.0073309410363435745, 0.0073309410363435745, 0.006855233106762171, 0.006404678337275982, 0.006414400413632393, 0.006501948460936546, 0.00619147252291441, 0.006186617072671652, 0.00610063411295414, 0.0061098807491362095, 0.006224968004971743, 0.006306823343038559, 0.006383080035448074, 0.006398932076990604, 0.0062675559893250465, 0.006279793102294207, 0.006311266683042049, 0.006324522662907839, 0.00593583146110177, 0.005921806208789349, 0.00567926000803709, 0.005519656464457512, 0.005591318476945162, 0.00559889804571867, 0.005486337933689356, 0.00544692249968648, 0.005497561302036047, 0.005446445196866989], "hpi_res": [89.79134368896484, 91.66740417480469, 92.16922760009766, 92.26171112060547, 92.47822570800781, 92.57577514648438, 92.65145874023438, 92.65754699707031, 92.6918716430664, 92.7171401977539, 92.77075958251953, 92.77191925048828, 92.80742645263672, 92.83306121826172, 92.85529327392578, 92.85529327392578, 92.85529327392578, 92.85529327392578, 92.85710906982422, 92.8707046508789, 92.8707046508789, 92.91957092285156, 92.93241882324219, 92.9422836303711, 92.95014190673828, 92.9520034790039, 92.95419311523438, 92.95642852783203, 92.95793914794922, 92.97212219238281, 92.98536682128906, 92.99354553222656, 92.99398803710938, 92.99398803710938, 92.99443817138672, 92.99856567382812, 93.0020751953125, 93.02240753173828, 93.0265884399414, 93.02908325195312, 93.03112030029297, 93.03305053710938, 93.03540802001953, 93.0357894897461, 93.03638458251953, 93.03704071044922, 93.04005432128906, 93.04476928710938, 93.04630279541016, 93.04753875732422, 93.04755401611328, 93.04766082763672, 93.04781341552734, 93.05210876464844, 93.05216217041016, 93.05357360839844, 93.05390167236328, 93.05661010742188, 93.05696105957031, 93.0608139038086, 93.06104278564453, 93.07434844970703, 93.07550811767578, 93.07599639892578, 93.076416015625, 93.0765609741211, 93.07716369628906, 93.07743072509766, 93.07823181152344, 93.08203887939453, 93.08333587646484, 93.08423614501953, 93.08478546142578, 93.08485412597656, 93.0850830078125, 93.0852279663086, 93.08524322509766, 93.08771514892578, 93.0890121459961, 93.09017181396484, 93.09053039550781, 93.0910873413086, 93.09150695800781, 93.09156036376953, 93.0916976928711, 93.09652709960938, 93.0965576171875, 93.09674835205078, 93.09674835205078, 93.09772491455078, 93.09774780273438, 93.09774780273438, 93.0977783203125, 93.09941101074219, 93.10346221923828, 93.10392761230469, 93.10428619384766, 93.1043930053711, 93.10442352294922, 93.10493469238281],